title,url,ingredient,quantity,note,kcal,fat,saturates,carbs,sugars,fibre,protein,salt
No title,https://www.bbcgoodfood.com/recipes/falafel-burgers-0,chickpeas,400g can,rinsed and drained,175,8,1,18,1,4,6,0.4
No title,https://www.bbcgoodfood.com/recipes/falafel-burgers-0,red onion,1 small,roughly chopped,175,8,1,18,1,4,6,0.4
No title,https://www.bbcgoodfood.com/recipes/falafel-burgers-0,garlic clove,1,chopped,175,8,1,18,1,4,6,0.4
No title,https://www.bbcgoodfood.com/recipes/falafel-burgers-0,flat-leaf parsley,handful of,or curly parsley,175,8,1,18,1,4,6,0.4
No title,https://www.bbcgoodfood.com/recipes/falafel-burgers-0,ground cumin,1 tsp,,175,8,1,18,1,4,6,0.4
No title,https://www.bbcgoodfood.com/recipes/falafel-burgers-0,ground coriander,1 tsp,,175,8,1,18,1,4,6,0.4
No title,https://www.bbcgoodfood.com/recipes/falafel-burgers-0,harissa paste,½ tsp,or chilli powder,175,8,1,18,1,4,6,0.4
No title,https://www.bbcgoodfood.com/recipes/falafel-burgers-0,plain flour,2 tbsp,,175,8,1,18,1,4,6,0.4
No title,https://www.bbcgoodfood.com/recipes/falafel-burgers-0,sunflower oil,2 tbsp,,175,8,1,18,1,4,6,0.4
No title,https://www.bbcgoodfood.com/recipes/falafel-burgers-0,pitta bread,toasted,to serve,175,8,1,18,1,4,6,0.4
No title,https://www.bbcgoodfood.com/recipes/falafel-burgers-0,tub tomato salsa,200g,to serve,175,8,1,18,1,4,6,0.4
No title,https://www.bbcgoodfood.com/recipes/falafel-burgers-0,green salad,,to serve,175,8,1,18,1,4,6,0.4
No title,https://www.bbcgoodfood.com/recipes/quick-chicken-hummus-bowl,hummus,200g,,779,47,4,49,10,14,34,1
No title,https://www.bbcgoodfood.com/recipes/quick-chicken-hummus-bowl,small  lemon,1,zested and juiced,779,47,4,49,10,14,34,1
No title,https://www.bbcgoodfood.com/recipes/quick-chicken-hummus-bowl,pouch cooked mixed grains,200g,,779,47,4,49,10,14,34,1
No title,https://www.bbcgoodfood.com/recipes/quick-chicken-hummus-bowl,baby spinach,150g,roughly chopped,779,47,4,49,10,14,34,1
No title,https://www.bbcgoodfood.com/recipes/quick-chicken-hummus-bowl,small avocado,1,halved and sliced,779,47,4,49,10,14,34,1
No title,https://www.bbcgoodfood.com/recipes/quick-chicken-hummus-bowl,chicken breast,1cooked,sliced at an angle,779,47,4,49,10,14,34,1
No title,https://www.bbcgoodfood.com/recipes/quick-chicken-hummus-bowl,pomegranate seeds,100g,,779,47,4,49,10,14,34,1
No title,https://www.bbcgoodfood.com/recipes/quick-chicken-hummus-bowl,red onion,½,finely sliced,779,47,4,49,10,14,34,1
No title,https://www.bbcgoodfood.com/recipes/quick-chicken-hummus-bowl,toasted almonds,2 tbsp,,779,47,4,49,10,14,34,1
No title,https://www.bbcgoodfood.com/recipes/10minute-couscous-salad,couscous,100g,,468,24,5,44,7,5,16,1.23
No title,https://www.bbcgoodfood.com/recipes/10minute-couscous-salad,hot low salt vegetable stock,200ml,(from a cube is fine),468,24,5,44,7,5,16,1.23
No title,https://www.bbcgoodfood.com/recipes/10minute-couscous-salad,spring onions,2,,468,24,5,44,7,5,16,1.23
No title,https://www.bbcgoodfood.com/recipes/10minute-couscous-salad,red pepper,1,,468,24,5,44,7,5,16,1.23
No title,https://www.bbcgoodfood.com/recipes/10minute-couscous-salad,cucumber,½,,468,24,5,44,7,5,16,1.23
No title,https://www.bbcgoodfood.com/recipes/10minute-couscous-salad,feta cheese,50g,cubed,468,24,5,44,7,5,16,1.23
No title,https://www.bbcgoodfood.com/recipes/10minute-couscous-salad,pesto,2tbsp,,468,24,5,44,7,5,16,1.23
No title,https://www.bbcgoodfood.com/recipes/10minute-couscous-salad,pine nuts,2tbsp,,468,24,5,44,7,5,16,1.23
No title,https://www.bbcgoodfood.com/recipes/smashed-peas-on-toast,freshly podded or frozen peas,200g,,320,8,1,44,3,7,14,1.1
No title,https://www.bbcgoodfood.com/recipes/smashed-peas-on-toast,mint stalks,2,leaves finely chopped,320,8,1,44,3,7,14,1.1
No title,https://www.bbcgoodfood.com/recipes/smashed-peas-on-toast,lemon,1,"zested, plus a little juice",320,8,1,44,3,7,14,1.1
No title,https://www.bbcgoodfood.com/recipes/smashed-peas-on-toast,extra virgin olive oil,1 tbsp,,320,8,1,44,3,7,14,1.1
No title,https://www.bbcgoodfood.com/recipes/smashed-peas-on-toast,bread,2 slices of,(we used sourdough),320,8,1,44,3,7,14,1.1
No title,https://www.bbcgoodfood.com/recipes/smashed-peas-on-toast,eggs,2,(optional),320,8,1,44,3,7,14,1.1
No title,https://www.bbcgoodfood.com/recipes/smashed-peas-on-toast,chilli flakes,pinch of,(optional),320,8,1,44,3,7,14,1.1
No title,https://www.bbcgoodfood.com/recipes/spicy-chicken-avocado-wraps,chicken breast,1,"(approx 180g), thinly sliced at an angle",403,16,4,32,2,5,29,0.8
No title,https://www.bbcgoodfood.com/recipes/spicy-chicken-avocado-wraps,lime,generous squeeze juice 0.5,,403,16,4,32,2,5,29,0.8
No title,https://www.bbcgoodfood.com/recipes/spicy-chicken-avocado-wraps,mild chilli powder,½ tsp,,403,16,4,32,2,5,29,0.8
No title,https://www.bbcgoodfood.com/recipes/spicy-chicken-avocado-wraps,garlic clove,1,chopped,403,16,4,32,2,5,29,0.8
No title,https://www.bbcgoodfood.com/recipes/spicy-chicken-avocado-wraps,olive oil,1 tsp,,403,16,4,32,2,5,29,0.8
No title,https://www.bbcgoodfood.com/recipes/spicy-chicken-avocado-wraps,seeded wraps,2,,403,16,4,32,2,5,29,0.8
No title,https://www.bbcgoodfood.com/recipes/spicy-chicken-avocado-wraps,avocado,1,halved and stoned,403,16,4,32,2,5,29,0.8
No title,https://www.bbcgoodfood.com/recipes/spicy-chicken-avocado-wraps,roasted red pepper,1,"from a jar, sliced",403,16,4,32,2,5,29,0.8
No title,https://www.bbcgoodfood.com/recipes/spicy-chicken-avocado-wraps,sprigs coriander,a few,chopped,403,16,4,32,2,5,29,0.8
No title,https://www.bbcgoodfood.com/recipes/shake-it-up-chopped-salad,yogurt,2 tbsp,,795,60,19,30,17,8,30,3.4
No title,https://www.bbcgoodfood.com/recipes/shake-it-up-chopped-salad,mayo,2 tbsp,,795,60,19,30,17,8,30,3.4
No title,https://www.bbcgoodfood.com/recipes/shake-it-up-chopped-salad,extra virgin olive oil,2 tbsp,,795,60,19,30,17,8,30,3.4
No title,https://www.bbcgoodfood.com/recipes/shake-it-up-chopped-salad,Dijon mustard,2 tsp,,795,60,19,30,17,8,30,3.4
No title,https://www.bbcgoodfood.com/recipes/shake-it-up-chopped-salad,garlic clove,1 small,,795,60,19,30,17,8,30,3.4
No title,https://www.bbcgoodfood.com/recipes/shake-it-up-chopped-salad,honey,1 tsp,,795,60,19,30,17,8,30,3.4
No title,https://www.bbcgoodfood.com/recipes/shake-it-up-chopped-salad,lemon,1,zested and juiced,795,60,19,30,17,8,30,3.4
No title,https://www.bbcgoodfood.com/recipes/shake-it-up-chopped-salad,dried oregano,½ tsp,,795,60,19,30,17,8,30,3.4
No title,https://www.bbcgoodfood.com/recipes/bulgur-quinoa-lunch-bowls,large onion,1,very finely chopped,369,20,4,33,8,10,8,0.5
No title,https://www.bbcgoodfood.com/recipes/bulgur-quinoa-lunch-bowls,bulgur and quinoa,150g,(this comes ready mixed),369,20,4,33,8,10,8,0.5
No title,https://www.bbcgoodfood.com/recipes/bulgur-quinoa-lunch-bowls,thyme,2sprigs of,,369,20,4,33,8,10,8,0.5
No title,https://www.bbcgoodfood.com/recipes/bulgur-quinoa-lunch-bowls,vegetable bouillon powder,2 tsp,,369,20,4,33,8,10,8,0.5
No title,https://www.bbcgoodfood.com/recipes/quick-spicy-nasi-goreng,vegetable oil,2 tbsp,,540,30,5,47,11,9,17,6.4
No title,https://www.bbcgoodfood.com/recipes/quick-spicy-nasi-goreng,small onion,1,finely sliced,540,30,5,47,11,9,17,6.4
No title,https://www.bbcgoodfood.com/recipes/quick-spicy-nasi-goreng,garlic cloves,2,crushed,540,30,5,47,11,9,17,6.4
No title,https://www.bbcgoodfood.com/recipes/quick-spicy-nasi-goreng,carrot,1,grated,540,30,5,47,11,9,17,6.4
No title,https://www.bbcgoodfood.com/recipes/quick-spicy-nasi-goreng,small Chinese or Savoy cabbage,½,shredded,540,30,5,47,11,9,17,6.4
No title,https://www.bbcgoodfood.com/recipes/quick-spicy-nasi-goreng,cooked brown rice,175g,,540,30,5,47,11,9,17,6.4
No title,https://www.bbcgoodfood.com/recipes/quick-spicy-nasi-goreng,fish sauce,1 tbsp,(optional),540,30,5,47,11,9,17,6.4
No title,https://www.bbcgoodfood.com/recipes/quick-spicy-nasi-goreng,soy sauce,1 tbsp,,540,30,5,47,11,9,17,6.4
No title,https://www.bbcgoodfood.com/recipes/quick-spicy-nasi-goreng,egg,1,,540,30,5,47,11,9,17,6.4
No title,https://www.bbcgoodfood.com/recipes/quick-spicy-nasi-goreng,hot sriracha,,"chilli sauce, to serve",540,30,5,47,11,9,17,6.4
No title,https://www.bbcgoodfood.com/recipes/kimchi-double-cheese-toasties,cheddar,100g mature,grated,788,42,19,63,6,5,37,4.4
No title,https://www.bbcgoodfood.com/recipes/kimchi-double-cheese-toasties,emmental,70g,"or mozzarella, grated",788,42,19,63,6,5,37,4.4
No title,https://www.bbcgoodfood.com/recipes/kimchi-double-cheese-toasties,spring onions,3,trimmed and sliced,788,42,19,63,6,5,37,4.4
No title,https://www.bbcgoodfood.com/recipes/kimchi-double-cheese-toasties,mayonnaise,2 tbsp,,788,42,19,63,6,5,37,4.4
No title,https://www.bbcgoodfood.com/recipes/kimchi-double-cheese-toasties,sourdough,4 slices white,,788,42,19,63,6,5,37,4.4
No title,https://www.bbcgoodfood.com/recipes/kimchi-double-cheese-toasties,kimchi,180g,drained,788,42,19,63,6,5,37,4.4
No title,https://www.bbcgoodfood.com/recipes/kimchi-double-cheese-toasties,sesame seeds,1 tsp,(optional),788,42,19,63,6,5,37,4.4
No title,https://www.bbcgoodfood.com/recipes/storecupboard-pasta-salad,red onion,2 tsp finely chopped,,189,7,2,12,2,2,19,0.91
No title,https://www.bbcgoodfood.com/recipes/storecupboard-pasta-salad,caper,1 tsp,,189,7,2,12,2,2,19,0.91
No title,https://www.bbcgoodfood.com/recipes/storecupboard-pasta-salad,pesto,1 tbsp,,189,7,2,12,2,2,19,0.91
No title,https://www.bbcgoodfood.com/recipes/storecupboard-pasta-salad,olive oil,2 tsp,,189,7,2,12,2,2,19,0.91
No title,https://www.bbcgoodfood.com/recipes/storecupboard-pasta-salad,can of tuna,185g,"in spring water, drained",189,7,2,12,2,2,19,0.91
No title,https://www.bbcgoodfood.com/recipes/storecupboard-pasta-salad,leftover pasta,100g,shapes,189,7,2,12,2,2,19,0.91
No title,https://www.bbcgoodfood.com/recipes/storecupboard-pasta-salad,sundried tomatoes,3,chopped,189,7,2,12,2,2,19,0.91
No title,https://www.bbcgoodfood.com/recipes/mortadella-burrata-pistachio-pesto-ciabatta,ciabatta loaf,1,,700,48,17,36,3,4,29,2.4
No title,https://www.bbcgoodfood.com/recipes/mortadella-burrata-pistachio-pesto-ciabatta,mortadella,8 slices of,,700,48,17,36,3,4,29,2.4
No title,https://www.bbcgoodfood.com/recipes/mortadella-burrata-pistachio-pesto-ciabatta,burrata,2,"or mozzarella balls, drained, patted dry and torn into chunks",700,48,17,36,3,4,29,2.4
No title,https://www.bbcgoodfood.com/recipes/mortadella-burrata-pistachio-pesto-ciabatta,pitted green olives,50g,roughly chopped,700,48,17,36,3,4,29,2.4
No title,https://www.bbcgoodfood.com/recipes/mortadella-burrata-pistachio-pesto-ciabatta,rocket,60g,,700,48,17,36,3,4,29,2.4
No title,https://www.bbcgoodfood.com/recipes/mortadella-burrata-pistachio-pesto-ciabatta,olive oil,,for drizzling,700,48,17,36,3,4,29,2.4
No title,https://www.bbcgoodfood.com/recipes/smoked-salmon-quinoa-dill-lunch-pot,half-fat soured cream,2 tbsp,,254,7,2,26,3,5,20,2.5
No title,https://www.bbcgoodfood.com/recipes/smoked-salmon-quinoa-dill-lunch-pot,lemon juice,2 tbsp,,254,7,2,26,3,5,20,2.5
No title,https://www.bbcgoodfood.com/recipes/smoked-salmon-quinoa-dill-lunch-pot,pack dill,½,finely chopped,254,7,2,26,3,5,20,2.5
No title,https://www.bbcgoodfood.com/recipes/smoked-salmon-quinoa-dill-lunch-pot,pouch ready-to-eat quinoa,250g,(we used Merchant Gourmet),254,7,2,26,3,5,20,2.5
No title,https://www.bbcgoodfood.com/recipes/smoked-salmon-quinoa-dill-lunch-pot,cucumber,½,halved and sliced,254,7,2,26,3,5,20,2.5
No title,https://www.bbcgoodfood.com/recipes/smoked-salmon-quinoa-dill-lunch-pot,radishes,4,finely sliced,254,7,2,26,3,5,20,2.5
No title,https://www.bbcgoodfood.com/recipes/smoked-salmon-quinoa-dill-lunch-pot,smoked salmon,100g,torn into strips,254,7,2,26,3,5,20,2.5
No title,https://www.bbcgoodfood.com/recipes/air-fryer-ham-cheese-egg-bagel,bagel,1,halved,505,17,7,56,13,2,30,2.7
No title,https://www.bbcgoodfood.com/recipes/air-fryer-ham-cheese-egg-bagel,chilli jam,½ tbsp,or red onion chutney,505,17,7,56,13,2,30,2.7
No title,https://www.bbcgoodfood.com/recipes/air-fryer-ham-cheese-egg-bagel,cheddar,25g,grated,505,17,7,56,13,2,30,2.7
No title,https://www.bbcgoodfood.com/recipes/air-fryer-ham-cheese-egg-bagel,ham,1-2 slices,,505,17,7,56,13,2,30,2.7
No title,https://www.bbcgoodfood.com/recipes/air-fryer-ham-cheese-egg-bagel,egg,1,,505,17,7,56,13,2,30,2.7
No title,https://www.bbcgoodfood.com/recipes/spicy-tuna-wrap,tuna,145g can,drained,452,29,3,26,6,5,19,1.7
No title,https://www.bbcgoodfood.com/recipes/spicy-tuna-wrap,mayo,70g,,452,29,3,26,6,5,19,1.7
No title,https://www.bbcgoodfood.com/recipes/spicy-tuna-wrap,red onion,½,finely chopped,452,29,3,26,6,5,19,1.7
No title,https://www.bbcgoodfood.com/recipes/spicy-tuna-wrap,jalapeños,30g,"finely chopped, plus 2 tbsp of the brine",452,29,3,26,6,5,19,1.7
No title,https://www.bbcgoodfood.com/recipes/spicy-tuna-wrap,dill,10g,finely chopped,452,29,3,26,6,5,19,1.7
No title,https://www.bbcgoodfood.com/recipes/spicy-tuna-wrap,cucumber,90g,cut into small cubes,452,29,3,26,6,5,19,1.7
No title,https://www.bbcgoodfood.com/recipes/spicy-tuna-wrap,Tabasco,1 tsp,or hot sauce,452,29,3,26,6,5,19,1.7
No title,https://www.bbcgoodfood.com/recipes/spicy-tuna-wrap,tortilla wraps,2 large,,452,29,3,26,6,5,19,1.7
No title,https://www.bbcgoodfood.com/recipes/spicy-tuna-wrap,Little Gem lettuce,1,finely shredded,452,29,3,26,6,5,19,1.7
No title,https://www.bbcgoodfood.com/recipes/pearl-couscous-salad-with-hot-smoked-trout-buttermilk-dressing,pearl couscous,200g,,286,6,1,39,6,3,17,
No title,https://www.bbcgoodfood.com/recipes/pearl-couscous-salad-with-hot-smoked-trout-buttermilk-dressing,radishes,100g,sliced,286,6,1,39,6,3,17,
No title,https://www.bbcgoodfood.com/recipes/pearl-couscous-salad-with-hot-smoked-trout-buttermilk-dressing,cucumber,1,seeds scraped out and sliced into half-moons,286,6,1,39,6,3,17,
No title,https://www.bbcgoodfood.com/recipes/pearl-couscous-salad-with-hot-smoked-trout-buttermilk-dressing,green apple,1,thinly sliced into matchsticks,286,6,1,39,6,3,17,
No title,https://www.bbcgoodfood.com/recipes/pearl-couscous-salad-with-hot-smoked-trout-buttermilk-dressing,hot smoked trout,150g,"or salmon, flaked into chunks",286,6,1,39,6,3,17,
No title,https://www.bbcgoodfood.com/recipes/caesar-salad-wrap,garlic clove,1 small,or 1 tsp garlic granules,722,37,7,53,8,6,40,2.6
No title,https://www.bbcgoodfood.com/recipes/caesar-salad-wrap,anchovies,2,in oil,722,37,7,53,8,6,40,2.6
No title,https://www.bbcgoodfood.com/recipes/caesar-salad-wrap,mayonnaise,4 tbsp,,722,37,7,53,8,6,40,2.6
No title,https://www.bbcgoodfood.com/recipes/caesar-salad-wrap,parmesan,15g,grated,722,37,7,53,8,6,40,2.6
No title,https://www.bbcgoodfood.com/recipes/caesar-salad-wrap,Dijon mustard,1 tsp,,722,37,7,53,8,6,40,2.6
No title,https://www.bbcgoodfood.com/recipes/caesar-salad-wrap,giardiniera pickling liquid,2 tsp,,722,37,7,53,8,6,40,2.6
No title,https://www.bbcgoodfood.com/recipes/caesar-salad-wrap,flour tortillas,2 large,,722,37,7,53,8,6,40,2.6
No title,https://www.bbcgoodfood.com/recipes/caesar-salad-wrap,leftover garlic & parmesan breaded chicken breast,1,sliced (see recipe below),722,37,7,53,8,6,40,2.6
No title,https://www.bbcgoodfood.com/recipes/caesar-salad-wrap,romaine lettuce,1,roughly chopped,722,37,7,53,8,6,40,2.6
No title,https://www.bbcgoodfood.com/recipes/caesar-salad-wrap,leftover giardiniera,75g,roughly chopped,722,37,7,53,8,6,40,2.6
No title,https://www.bbcgoodfood.com/recipes/green-chicken-salad,red onion,1 small,finely chopped,371,30,5,6,5,2,19,0.7
No title,https://www.bbcgoodfood.com/recipes/green-chicken-salad,lemon,1,juiced,371,30,5,6,5,2,19,0.7
No title,https://www.bbcgoodfood.com/recipes/green-chicken-salad,rotisserie chicken,1 small,"around 250g meat, picked and shredded",371,30,5,6,5,2,19,0.7
No title,https://www.bbcgoodfood.com/recipes/green-chicken-salad,celery,4 sticks,finely chopped,371,30,5,6,5,2,19,0.7
No title,https://www.bbcgoodfood.com/recipes/green-chicken-salad,spring onions,4,finely sliced,371,30,5,6,5,2,19,0.7
No title,https://www.bbcgoodfood.com/recipes/green-chicken-salad,cucumber,½ large,deseeded and finely chopped,371,30,5,6,5,2,19,0.7
No title,https://www.bbcgoodfood.com/recipes/green-chicken-salad,cornichons,6,roughly chopped,371,30,5,6,5,2,19,0.7
No title,https://www.bbcgoodfood.com/recipes/green-chicken-salad,green pepper,1,deseeded and cut into 1/2cm cubes,371,30,5,6,5,2,19,0.7
No title,https://www.bbcgoodfood.com/recipes/green-chicken-salad,soft herbs,large handful of,"(we used dill and parsley), roughly chopped",371,30,5,6,5,2,19,0.7
No title,https://www.bbcgoodfood.com/recipes/green-chicken-salad,toasted sourdough,,to serve,371,30,5,6,5,2,19,0.7
No title,https://www.bbcgoodfood.com/recipes/basa-fillet-with-garlic-spring-onion-paprika-butter,olive oil,1 tbsp,,402,29,15,13,1,2,22,0.46
No title,https://www.bbcgoodfood.com/recipes/basa-fillet-with-garlic-spring-onion-paprika-butter,plain flour,2 tbsp,,402,29,15,13,1,2,22,0.46
No title,https://www.bbcgoodfood.com/recipes/basa-fillet-with-garlic-spring-onion-paprika-butter,basa fillets,2,(ours weighed 250g in total),402,29,15,13,1,2,22,0.46
No title,https://www.bbcgoodfood.com/recipes/basa-fillet-with-garlic-spring-onion-paprika-butter,salted butter,50g,,402,29,15,13,1,2,22,0.46
No title,https://www.bbcgoodfood.com/recipes/basa-fillet-with-garlic-spring-onion-paprika-butter,spring onions,3,finely sliced,402,29,15,13,1,2,22,0.46
No title,https://www.bbcgoodfood.com/recipes/basa-fillet-with-garlic-spring-onion-paprika-butter,garlic cloves,2,grated,402,29,15,13,1,2,22,0.46
No title,https://www.bbcgoodfood.com/recipes/basa-fillet-with-garlic-spring-onion-paprika-butter,smoked sweet paprika,1 tsp,,402,29,15,13,1,2,22,0.46
No title,https://www.bbcgoodfood.com/recipes/basa-fillet-with-garlic-spring-onion-paprika-butter,cooked rice or potatoes and veg,,to serve,402,29,15,13,1,2,22,0.46
No title,https://www.bbcgoodfood.com/recipes/classic-chicken-ramen,chicken breasts,2 skinless,,724,17,2,80,6,7,59,3.25
No title,https://www.bbcgoodfood.com/recipes/classic-chicken-ramen,stir-fry vegetables,2 handfuls of,(about 200g),724,17,2,80,6,7,59,3.25
No title,https://www.bbcgoodfood.com/recipes/classic-chicken-ramen,ramen noodles,200g,,724,17,2,80,6,7,59,3.25
No title,https://www.bbcgoodfood.com/recipes/classic-chicken-ramen,egg,1,,724,17,2,80,6,7,59,3.25
No title,https://www.bbcgoodfood.com/recipes/classic-chicken-ramen,chicken ramen broth,500ml,,724,17,2,80,6,7,59,3.25
No title,https://www.bbcgoodfood.com/recipes/classic-chicken-ramen,chives,finely chopped,to serve,724,17,2,80,6,7,59,3.25
No title,https://www.bbcgoodfood.com/recipes/classic-chicken-ramen,chilli flakes,,to serve,724,17,2,80,6,7,59,3.25
No title,https://www.bbcgoodfood.com/recipes/baked-feta-bean-salad,vegetarian feta,250g block,drained,541,28,11,37,10,14,28,2.84
No title,https://www.bbcgoodfood.com/recipes/baked-feta-bean-salad,extra virgin olive oil,1 tbsp,,541,28,11,37,10,14,28,2.84
No title,https://www.bbcgoodfood.com/recipes/baked-feta-bean-salad,honey,1 tbsp,,541,28,11,37,10,14,28,2.84
No title,https://www.bbcgoodfood.com/recipes/baked-feta-bean-salad,fennel seeds,1 tsp,,541,28,11,37,10,14,28,2.84
No title,https://www.bbcgoodfood.com/recipes/baked-feta-bean-salad,chilli flakes,½-1 tsp,(depending on your preference for heat),541,28,11,37,10,14,28,2.84
No title,https://www.bbcgoodfood.com/recipes/baked-feta-bean-salad,mint,small handful of,leaves picked and finely chopped,541,28,11,37,10,14,28,2.84
No title,https://www.bbcgoodfood.com/recipes/baked-feta-bean-salad,asparagus,200g,cut into small pieces or peeled into ribbons,541,28,11,37,10,14,28,2.84
No title,https://www.bbcgoodfood.com/recipes/baked-feta-bean-salad,green pepper,1,cut into 1cm cubes,541,28,11,37,10,14,28,2.84
No title,https://www.bbcgoodfood.com/recipes/baked-feta-bean-salad,"leftover summery beans, drained",1kg,(see recipe above),541,28,11,37,10,14,28,2.84
No title,https://www.bbcgoodfood.com/recipes/baked-feta-bean-salad,salad leaves,80g,,541,28,11,37,10,14,28,2.84
No title,https://www.bbcgoodfood.com/recipes/baked-feta-bean-salad,toasted ciabatta,,to serve (optional),541,28,11,37,10,14,28,2.84
No title,https://www.bbcgoodfood.com/recipes/air-fryer-omelette,butter,15g,,251,22,10,0.1,0.1,0,13,0.68
No title,https://www.bbcgoodfood.com/recipes/air-fryer-omelette,eggs,2,,251,22,10,0.1,0.1,0,13,0.68
No title,https://www.bbcgoodfood.com/recipes/air-fryer-omelette,"grated cheese, fried mushrooms, wilted spinach, crumbled feta or chopped ham","fillings of your choice, such as",,251,22,10,0.1,0.1,0,13,0.68
No title,https://www.bbcgoodfood.com/recipes/air-fryer-omelette,salad,,to serve,251,22,10,0.1,0.1,0,13,0.68
No title,https://www.bbcgoodfood.com/recipes/smoky-fish-dip-bagel-chips,smoked mackerel fillets,2,,357,21,5,25,3,2,16,1.4
No title,https://www.bbcgoodfood.com/recipes/smoky-fish-dip-bagel-chips,lemon,½,zested and juiced,357,21,5,25,3,2,16,1.4
No title,https://www.bbcgoodfood.com/recipes/smoky-fish-dip-bagel-chips,Greek or natural yogurt,100g,,357,21,5,25,3,2,16,1.4
No title,https://www.bbcgoodfood.com/recipes/smoky-fish-dip-bagel-chips,dill,small handful of,finely chopped,357,21,5,25,3,2,16,1.4
No title,https://www.bbcgoodfood.com/recipes/smoky-fish-dip-bagel-chips,smoked paprika,½ tsp,,357,21,5,25,3,2,16,1.4
No title,https://www.bbcgoodfood.com/recipes/orzo-feta-prawn-pasta-salad,orzo,250g,,467,18,5,49,3,4,25,1.91
No title,https://www.bbcgoodfood.com/recipes/orzo-feta-prawn-pasta-salad,extra virgin olive oil,4 tbsp,or a mixture of 2 tbsp olive oil and 2 tbsp oil from the sundried tomatoes,467,18,5,49,3,4,25,1.91
No title,https://www.bbcgoodfood.com/recipes/orzo-feta-prawn-pasta-salad,lemon,1,juiced,467,18,5,49,3,4,25,1.91
No title,https://www.bbcgoodfood.com/recipes/orzo-feta-prawn-pasta-salad,finely chopped dill,2 tbsp,,467,18,5,49,3,4,25,1.91
No title,https://www.bbcgoodfood.com/recipes/orzo-feta-prawn-pasta-salad,spring onions,2,finely sliced,467,18,5,49,3,4,25,1.91
No title,https://www.bbcgoodfood.com/recipes/orzo-feta-prawn-pasta-salad,cucumber,½,finely chopped,467,18,5,49,3,4,25,1.91
No title,https://www.bbcgoodfood.com/recipes/orzo-feta-prawn-pasta-salad,sundried tomatoes,6,"in oil, sliced",467,18,5,49,3,4,25,1.91
No title,https://www.bbcgoodfood.com/recipes/orzo-feta-prawn-pasta-salad,feta,100g,crumbled,467,18,5,49,3,4,25,1.91
No title,https://www.bbcgoodfood.com/recipes/orzo-feta-prawn-pasta-salad,"cooked, peeled king prawns",300g,,467,18,5,49,3,4,25,1.91
No title,https://www.bbcgoodfood.com/recipes/orzo-feta-prawn-pasta-salad,rocket,a few handfuls of,,467,18,5,49,3,4,25,1.91
No title,https://www.bbcgoodfood.com/recipes/egg-avocado-open-sandwich,medium eggs,2,,476,31,7,26,3,7,19,1.6
No title,https://www.bbcgoodfood.com/recipes/egg-avocado-open-sandwich,ripe avocado,1,,476,31,7,26,3,7,19,1.6
No title,https://www.bbcgoodfood.com/recipes/egg-avocado-open-sandwich,lime,juice 1,,476,31,7,26,3,7,19,1.6
No title,https://www.bbcgoodfood.com/recipes/egg-avocado-open-sandwich,slices rye bread,2,,476,31,7,26,3,7,19,1.6
No title,https://www.bbcgoodfood.com/recipes/egg-avocado-open-sandwich,hot chilli sauce - we used sriracha,2 tsp,,476,31,7,26,3,7,19,1.6
No title,https://www.bbcgoodfood.com/recipes/egg-avocado-open-sandwich,handful cress,,to serve,476,31,7,26,3,7,19,1.6
No title,https://www.bbcgoodfood.com/recipes/beef-red-chimichurri-quinoa,parsley,small handful of,finely chopped,555,25,5,55,15,5,20,3.5
No title,https://www.bbcgoodfood.com/recipes/beef-red-chimichurri-quinoa,shallot,1 small,finely chopped,555,25,5,55,15,5,20,3.5
No title,https://www.bbcgoodfood.com/recipes/beef-red-chimichurri-quinoa,red wine vinegar,2 tbsp,,555,25,5,55,15,5,20,3.5
No title,https://www.bbcgoodfood.com/recipes/beef-red-chimichurri-quinoa,roasted red pepper,1,drained and finely chopped,555,25,5,55,15,5,20,3.5
No title,https://www.bbcgoodfood.com/recipes/beef-red-chimichurri-quinoa,red chilli,1,"(deseeded if you prefer less heat), finely chopped",555,25,5,55,15,5,20,3.5
No title,https://www.bbcgoodfood.com/recipes/beef-red-chimichurri-quinoa,dried oregano,1 tsp,,555,25,5,55,15,5,20,3.5
No title,https://www.bbcgoodfood.com/recipes/beef-red-chimichurri-quinoa,garlic clove,1,finely chopped,555,25,5,55,15,5,20,3.5
No title,https://www.bbcgoodfood.com/recipes/beef-red-chimichurri-quinoa,olive oil,60ml,,555,25,5,55,15,5,20,3.5
No title,https://www.bbcgoodfood.com/recipes/beef-red-chimichurri-quinoa,leftover spicy greens,handful of,(see recipe below),555,25,5,55,15,5,20,3.5
No title,https://www.bbcgoodfood.com/recipes/beef-red-chimichurri-quinoa,sweetcorn,160g can,drained,555,25,5,55,15,5,20,3.5
No title,https://www.bbcgoodfood.com/recipes/beef-red-chimichurri-quinoa,cherry tomatoes,150g,halved,555,25,5,55,15,5,20,3.5
No title,https://www.bbcgoodfood.com/recipes/beef-red-chimichurri-quinoa,cooked quinoa,250g pouch,,555,25,5,55,15,5,20,3.5
No title,https://www.bbcgoodfood.com/recipes/beef-red-chimichurri-quinoa,leftover beef,200g-300g,"(see recipe below), sliced",555,25,5,55,15,5,20,3.5
No title,https://www.bbcgoodfood.com/recipes/beef-red-chimichurri-quinoa,leftover avocado sauce,,"(see recipe below), to serve",555,25,5,55,15,5,20,3.5
No title,https://www.bbcgoodfood.com/recipes/halloumi-carrot-orange-salad,large oranges,2,,338,23,10,15,15,4,16,2.1
No title,https://www.bbcgoodfood.com/recipes/halloumi-carrot-orange-salad,wholegrain mustard,1½ tbsp,,338,23,10,15,15,4,16,2.1
No title,https://www.bbcgoodfood.com/recipes/halloumi-carrot-orange-salad,honey,1½ tsp,,338,23,10,15,15,4,16,2.1
No title,https://www.bbcgoodfood.com/recipes/halloumi-carrot-orange-salad,white wine vinegar,1 tbsp,,338,23,10,15,15,4,16,2.1
No title,https://www.bbcgoodfood.com/recipes/halloumi-carrot-orange-salad,rapeseed or olive oil,3 tbsp,plus extra for frying,338,23,10,15,15,4,16,2.1
No title,https://www.bbcgoodfood.com/recipes/halloumi-carrot-orange-salad,large carrots,2,peeled,338,23,10,15,15,4,16,2.1
No title,https://www.bbcgoodfood.com/recipes/halloumi-carrot-orange-salad,halloumi,225g block,sliced,338,23,10,15,15,4,16,2.1
No title,https://www.bbcgoodfood.com/recipes/halloumi-carrot-orange-salad,watercress,100g bag,or baby spinach,338,23,10,15,15,4,16,2.1
No title,https://www.bbcgoodfood.com/recipes/storecupboard-saucy-pasta-chickpeas,pasta shape,100g small,such as orzo or macaroni,525,18,6,58,6,13,27,0.4
No title,https://www.bbcgoodfood.com/recipes/storecupboard-saucy-pasta-chickpeas,olive oil,1 tbsp,or butter,525,18,6,58,6,13,27,0.4
No title,https://www.bbcgoodfood.com/recipes/storecupboard-saucy-pasta-chickpeas,garlic cloves,2 small,crushed,525,18,6,58,6,13,27,0.4
No title,https://www.bbcgoodfood.com/recipes/storecupboard-saucy-pasta-chickpeas,of any vegetables,around 200g,"such as cherry tomatoes, peppers, peas, broccoli or courgettes, chopped into small pieces",525,18,6,58,6,13,27,0.4
No title,https://www.bbcgoodfood.com/recipes/storecupboard-saucy-pasta-chickpeas,sundried tomato paste,2 tbsp,or tomato purée mixed with a pinch of sugar,525,18,6,58,6,13,27,0.4
No title,https://www.bbcgoodfood.com/recipes/storecupboard-saucy-pasta-chickpeas,cooked chickpeas,400g can,drained,525,18,6,58,6,13,27,0.4
No title,https://www.bbcgoodfood.com/recipes/storecupboard-saucy-pasta-chickpeas,dried oregano,½ tsp,,525,18,6,58,6,13,27,0.4
No title,https://www.bbcgoodfood.com/recipes/storecupboard-saucy-pasta-chickpeas,parmesan,50g,"or strong cheddar, grated",525,18,6,58,6,13,27,0.4
No title,https://www.bbcgoodfood.com/recipes/chorizo-chickpea-soup,can chopped tomato,400g,,366,18,5,30,0,9,23,4.26
No title,https://www.bbcgoodfood.com/recipes/chorizo-chickpea-soup,pack of  chorizo,110g,sausage (unsliced),366,18,5,30,0,9,23,4.26
No title,https://www.bbcgoodfood.com/recipes/chorizo-chickpea-soup,wedge Savoy cabbage,140g,,366,18,5,30,0,9,23,4.26
No title,https://www.bbcgoodfood.com/recipes/chorizo-chickpea-soup,sprinkling dried chilli flakes,,,366,18,5,30,0,9,23,4.26
No title,https://www.bbcgoodfood.com/recipes/chorizo-chickpea-soup,can chickpea,410g,drained and rinsed,366,18,5,30,0,9,23,4.26
No title,https://www.bbcgoodfood.com/recipes/chorizo-chickpea-soup,chicken or vegetable stock,1,cube,366,18,5,30,0,9,23,4.26
No title,https://www.bbcgoodfood.com/recipes/chorizo-chickpea-soup,crusty bread or garlic,,"bread, to serve",366,18,5,30,0,9,23,4.26
No title,https://www.bbcgoodfood.com/recipes/prawn-mango-salad,avocado,½,"peeled and cut into cubes, see tip, below left",168,9,2,15,14,4,6,0.5
No title,https://www.bbcgoodfood.com/recipes/prawn-mango-salad,lemon juice,squeeze of,,168,9,2,15,14,4,6,0.5
No title,https://www.bbcgoodfood.com/recipes/prawn-mango-salad,small cooked prawns,50g,,168,9,2,15,14,4,6,0.5
No title,https://www.bbcgoodfood.com/recipes/prawn-mango-salad,mango,1,"cheek, peeled and cut into cubes",168,9,2,15,14,4,6,0.5
No title,https://www.bbcgoodfood.com/recipes/prawn-mango-salad,cherry tomatoes,4,halved,168,9,2,15,14,4,6,0.5
No title,https://www.bbcgoodfood.com/recipes/prawn-mango-salad,cucumber,finger-sized piece,chopped,168,9,2,15,14,4,6,0.5
No title,https://www.bbcgoodfood.com/recipes/prawn-mango-salad,baby spinach,handful,leaves,168,9,2,15,14,4,6,0.5
No title,https://www.bbcgoodfood.com/recipes/prawn-mango-salad,mint leaves,couple of,very finely shredded,168,9,2,15,14,4,6,0.5
No title,https://www.bbcgoodfood.com/recipes/prawn-mango-salad,sweet chilli sauce,1-2 tsp,,168,9,2,15,14,4,6,0.5
No title,https://www.bbcgoodfood.com/recipes/creamy-miso-beans-on-toast,butter,2 tbsp,,452,14,8,58,5,9,18,2.27
No title,https://www.bbcgoodfood.com/recipes/creamy-miso-beans-on-toast,garlic cloves,2,peeled,452,14,8,58,5,9,18,2.27
No title,https://www.bbcgoodfood.com/recipes/creamy-miso-beans-on-toast,spring onions,4 thick,"thinly sliced, white and green parts kept separate",452,14,8,58,5,9,18,2.27
No title,https://www.bbcgoodfood.com/recipes/creamy-miso-beans-on-toast,white miso,1 tbsp,,452,14,8,58,5,9,18,2.27
No title,https://www.bbcgoodfood.com/recipes/creamy-miso-beans-on-toast,white beans,400g can,drained and rinsed,452,14,8,58,5,9,18,2.27
No title,https://www.bbcgoodfood.com/recipes/creamy-miso-beans-on-toast,lemon,½,juiced,452,14,8,58,5,9,18,2.27
No title,https://www.bbcgoodfood.com/recipes/creamy-miso-beans-on-toast,sourdough bread,2 thick slices,toasted,452,14,8,58,5,9,18,2.27
No title,https://www.bbcgoodfood.com/recipes/creamy-miso-beans-on-toast,crispy chilli oil,,to serve (optional),452,14,8,58,5,9,18,2.27
No title,https://www.bbcgoodfood.com/recipes/chicken-pesto-wrap,cooked chicken breast,1,shredded,356,15,7,26,4,3,29,1.3
No title,https://www.bbcgoodfood.com/recipes/chicken-pesto-wrap,soured cream,2 tbsp,plain yogurt or mayo,356,15,7,26,4,3,29,1.3
No title,https://www.bbcgoodfood.com/recipes/chicken-pesto-wrap,pesto,2 tsp,,356,15,7,26,4,3,29,1.3
No title,https://www.bbcgoodfood.com/recipes/chicken-pesto-wrap,thin slices mild cheese,2,such as Edam,356,15,7,26,4,3,29,1.3
No title,https://www.bbcgoodfood.com/recipes/chicken-pesto-wrap,flour tortillas,2,,356,15,7,26,4,3,29,1.3
No title,https://www.bbcgoodfood.com/recipes/chicken-pesto-wrap,chopped red pepper,handful,or sweetcorn kernels,356,15,7,26,4,3,29,1.3
No title,https://www.bbcgoodfood.com/recipes/chicken-pesto-wrap,lettuce,,leaves,356,15,7,26,4,3,29,1.3
No title,https://www.bbcgoodfood.com/recipes/broccoli-pasta-salad-eggs-sunflower-seeds,large eggs,2,,436,22,4,31,5,11,24,1.3
No title,https://www.bbcgoodfood.com/recipes/broccoli-pasta-salad-eggs-sunflower-seeds,wholewheat penne,75g,,436,22,4,31,5,11,24,1.3
No title,https://www.bbcgoodfood.com/recipes/broccoli-pasta-salad-eggs-sunflower-seeds,broccoli,160g,florets,436,22,4,31,5,11,24,1.3
No title,https://www.bbcgoodfood.com/recipes/broccoli-pasta-salad-eggs-sunflower-seeds,fine beans,160g,trimmed and halved,436,22,4,31,5,11,24,1.3
No title,https://www.bbcgoodfood.com/recipes/broccoli-pasta-salad-eggs-sunflower-seeds,white miso,1 tbsp,paste,436,22,4,31,5,11,24,1.3
No title,https://www.bbcgoodfood.com/recipes/broccoli-pasta-salad-eggs-sunflower-seeds,grated ginger,1 tsp,,436,22,4,31,5,11,24,1.3
No title,https://www.bbcgoodfood.com/recipes/broccoli-pasta-salad-eggs-sunflower-seeds,rapeseed oil,1 tbsp,,436,22,4,31,5,11,24,1.3
No title,https://www.bbcgoodfood.com/recipes/broccoli-pasta-salad-eggs-sunflower-seeds,sunflower seeds,2 tbsp,,436,22,4,31,5,11,24,1.3
No title,https://www.bbcgoodfood.com/recipes/healthy-beef-chow-mein,wholemeal noodle nests,2,(85g),407,11,3,41,10,8,32,1
No title,https://www.bbcgoodfood.com/recipes/healthy-beef-chow-mein,sesame oil,2 tsp rapeseed or,,407,11,3,41,10,8,32,1
No title,https://www.bbcgoodfood.com/recipes/healthy-beef-chow-mein,lean fillet steak,200g,fat removed and cut into strips,407,11,3,41,10,8,32,1
No title,https://www.bbcgoodfood.com/recipes/healthy-beef-chow-mein,red onion,1 small,"(100g), finely chopped",407,11,3,41,10,8,32,1
No title,https://www.bbcgoodfood.com/recipes/healthy-beef-chow-mein,ginger,15g piece of,peeled and finely chopped,407,11,3,41,10,8,32,1
No title,https://www.bbcgoodfood.com/recipes/healthy-beef-chow-mein,chestnut mushrooms,160g,thickly sliced,407,11,3,41,10,8,32,1
No title,https://www.bbcgoodfood.com/recipes/healthy-beef-chow-mein,garlic cloves,2,finely chopped,407,11,3,41,10,8,32,1
No title,https://www.bbcgoodfood.com/recipes/healthy-beef-chow-mein,beansprouts,160g ready-to-eat,,407,11,3,41,10,8,32,1
No title,https://www.bbcgoodfood.com/recipes/healthy-beef-chow-mein,tamari,1½ tsp,,407,11,3,41,10,8,32,1
No title,https://www.bbcgoodfood.com/recipes/healthy-beef-chow-mein,brown rice vinegar,1 tbsp,,407,11,3,41,10,8,32,1
No title,https://www.bbcgoodfood.com/recipes/healthy-beef-chow-mein,spring onions,4,"(65g), cut into diagonal lengths",407,11,3,41,10,8,32,1
No title,https://www.bbcgoodfood.com/recipes/ultimate-chorizo-ciabatta,ciabatta,2 small or 1 large,,867,46,12,74,6,6,37,4.6
No title,https://www.bbcgoodfood.com/recipes/ultimate-chorizo-ciabatta,pack cooking chorizo,150g,halved lengthways,867,46,12,74,6,6,37,4.6
No title,https://www.bbcgoodfood.com/recipes/ultimate-chorizo-ciabatta,pesto,75g,,867,46,12,74,6,6,37,4.6
No title,https://www.bbcgoodfood.com/recipes/ultimate-chorizo-ciabatta,roasted red peppers,200g,from a jar,867,46,12,74,6,6,37,4.6
No title,https://www.bbcgoodfood.com/recipes/ultimate-chorizo-ciabatta,handful rocket,,,867,46,12,74,6,6,37,4.6
No title,https://www.bbcgoodfood.com/recipes/veggie-noodle-pot,noodles,100g,"(rice, soba or egg)",383,12,3,53,9,4,14,1.1
No title,https://www.bbcgoodfood.com/recipes/veggie-noodle-pot,frozen peas,3 tbsp,,383,12,3,53,9,4,14,1.1
No title,https://www.bbcgoodfood.com/recipes/veggie-noodle-pot,sugar snap peas,handful,"or mangetout, halved lengthways",383,12,3,53,9,4,14,1.1
No title,https://www.bbcgoodfood.com/recipes/veggie-noodle-pot,baby corn,handful,halved lengthways,383,12,3,53,9,4,14,1.1
No title,https://www.bbcgoodfood.com/recipes/veggie-noodle-pot,spring onion,1,sliced,383,12,3,53,9,4,14,1.1
No title,https://www.bbcgoodfood.com/recipes/veggie-noodle-pot,red pepper,½,deseeded and chopped,383,12,3,53,9,4,14,1.1
No title,https://www.bbcgoodfood.com/recipes/chicken-kiev-quesadilla,large wrap or wheat tortilla,1,,413,28,15,16,2,2,24,1.4
No title,https://www.bbcgoodfood.com/recipes/chicken-kiev-quesadilla,garlic and herb soft cheese,4 tbsp,,413,28,15,16,2,2,24,1.4
No title,https://www.bbcgoodfood.com/recipes/chicken-kiev-quesadilla,cheddar,50g,grated,413,28,15,16,2,2,24,1.4
No title,https://www.bbcgoodfood.com/recipes/chicken-kiev-quesadilla,spring onion,1,cut in half then sliced lengthways into thick strips,413,28,15,16,2,2,24,1.4
No title,https://www.bbcgoodfood.com/recipes/chicken-kiev-quesadilla,lemon,½,zested,413,28,15,16,2,2,24,1.4
No title,https://www.bbcgoodfood.com/recipes/chicken-kiev-quesadilla,flat-leaf parsley,½ small pack,chopped,413,28,15,16,2,2,24,1.4
No title,https://www.bbcgoodfood.com/recipes/chicken-kiev-quesadilla,cooked chicken thigh,100g,"meat, chopped into bite-sized pieces",413,28,15,16,2,2,24,1.4
No title,https://www.bbcgoodfood.com/recipes/chicken-kiev-quesadilla,panko,1 tbsp,breadcrumbs,413,28,15,16,2,2,24,1.4
No title,https://www.bbcgoodfood.com/recipes/italian-sub,ciabatta,2 x 135g,rolls,527,36,14,25,4,2,26,3.1
No title,https://www.bbcgoodfood.com/recipes/italian-sub,salami,90g,slices,527,36,14,25,4,2,26,3.1
No title,https://www.bbcgoodfood.com/recipes/italian-sub,mozzarella,60g,torn,527,36,14,25,4,2,26,3.1
No title,https://www.bbcgoodfood.com/recipes/italian-sub,torn basil,2 tbsp,,527,36,14,25,4,2,26,3.1
No title,https://www.bbcgoodfood.com/recipes/italian-sub,sundried tomatoes,10,,527,36,14,25,4,2,26,3.1
No title,https://www.bbcgoodfood.com/recipes/italian-sub,balsamic glaze,1 tbsp,,527,36,14,25,4,2,26,3.1
No title,https://www.bbcgoodfood.com/recipes/caesar-pitta,lemon juice,1 tsp,,461,17,3,34,7,6,40,1.2
No title,https://www.bbcgoodfood.com/recipes/caesar-pitta,garlic clove,½ small,crushed,461,17,3,34,7,6,40,1.2
No title,https://www.bbcgoodfood.com/recipes/caesar-pitta,fat-free Greek yogurt,1 tbsp,,461,17,3,34,7,6,40,1.2
No title,https://www.bbcgoodfood.com/recipes/caesar-pitta,lighter mayonnaise,1 tbsp,,461,17,3,34,7,6,40,1.2
No title,https://www.bbcgoodfood.com/recipes/caesar-pitta,mustard,¼ tsp,powder,461,17,3,34,7,6,40,1.2
No title,https://www.bbcgoodfood.com/recipes/caesar-pitta,brown anchovy,1,rinsed and finely chopped,461,17,3,34,7,6,40,1.2
No title,https://www.bbcgoodfood.com/recipes/caesar-pitta,parmesan,½ tbsp grated,,461,17,3,34,7,6,40,1.2
No title,https://www.bbcgoodfood.com/recipes/caesar-pitta,small skinless cooked chicken,1,"breast, or 80g cooked chicken, shredded",461,17,3,34,7,6,40,1.2
No title,https://www.bbcgoodfood.com/recipes/caesar-pitta,cucumber,¼ small,cubed,461,17,3,34,7,6,40,1.2
No title,https://www.bbcgoodfood.com/recipes/caesar-pitta,cherry tomatoes,3,halved,461,17,3,34,7,6,40,1.2
No title,https://www.bbcgoodfood.com/recipes/caesar-pitta,Little Gem lettuce,4,"leaves, shredded",461,17,3,34,7,6,40,1.2
No title,https://www.bbcgoodfood.com/recipes/caesar-pitta,wholemeal pitta,1,bread,461,17,3,34,7,6,40,1.2
No title,https://www.bbcgoodfood.com/recipes/fish-finger-wraps-pea-puree,fish fingers,6,,391,15,4,44,9,12,22,1.6
No title,https://www.bbcgoodfood.com/recipes/fish-finger-wraps-pea-puree,frozen pea,175g,,391,15,4,44,9,12,22,1.6
No title,https://www.bbcgoodfood.com/recipes/fish-finger-wraps-pea-puree,rapeseed oil,½ tbsp,,391,15,4,44,9,12,22,1.6
No title,https://www.bbcgoodfood.com/recipes/fish-finger-wraps-pea-puree,lemon juice,1 tbsp,plus wedges to serve,391,15,4,44,9,12,22,1.6
No title,https://www.bbcgoodfood.com/recipes/fish-finger-wraps-pea-puree,wholemeal & seed tortillas,2,,391,15,4,44,9,12,22,1.6
No title,https://www.bbcgoodfood.com/recipes/fish-finger-wraps-pea-puree,carrots,2,coarsely grated,391,15,4,44,9,12,22,1.6
No title,https://www.bbcgoodfood.com/recipes/fish-finger-wraps-pea-puree,cornichons,1-2,sliced,391,15,4,44,9,12,22,1.6
No title,https://www.bbcgoodfood.com/recipes/green-baked-eggs,cashews,75g,,606,35,12,35,6,10,33,1
No title,https://www.bbcgoodfood.com/recipes/green-baked-eggs,hot vegetable stock,350ml,,606,35,12,35,6,10,33,1
No title,https://www.bbcgoodfood.com/recipes/green-baked-eggs,"leftover coconut, curry leaf & turmeric saucy lentils (see step 1)",700g,,606,35,12,35,6,10,33,1
No title,https://www.bbcgoodfood.com/recipes/green-baked-eggs,spinach,260g,,606,35,12,35,6,10,33,1
No title,https://www.bbcgoodfood.com/recipes/green-baked-eggs,eggs,8,,606,35,12,35,6,10,33,1
No title,https://www.bbcgoodfood.com/recipes/green-baked-eggs,crusty bread or toasted flatbreads,,to serve,606,35,12,35,6,10,33,1
No title,https://www.bbcgoodfood.com/recipes/zingy-grapefruit-prawn-avocado-tamarind-salad,sesame oil,3 tbsp,,212,17,3,7,1,4,6,1.1
No title,https://www.bbcgoodfood.com/recipes/zingy-grapefruit-prawn-avocado-tamarind-salad,tamarind,1 tsp,,212,17,3,7,1,4,6,1.1
No title,https://www.bbcgoodfood.com/recipes/zingy-grapefruit-prawn-avocado-tamarind-salad,garlic clove,1 small,crushed,212,17,3,7,1,4,6,1.1
No title,https://www.bbcgoodfood.com/recipes/zingy-grapefruit-prawn-avocado-tamarind-salad,ginger,3cm piece of,peeled and finely grated,212,17,3,7,1,4,6,1.1
No title,https://www.bbcgoodfood.com/recipes/zingy-grapefruit-prawn-avocado-tamarind-salad,fish sauce,3 tsp,,212,17,3,7,1,4,6,1.1
No title,https://www.bbcgoodfood.com/recipes/zingy-grapefruit-prawn-avocado-tamarind-salad,limes,1-2,juiced,212,17,3,7,1,4,6,1.1
No title,https://www.bbcgoodfood.com/recipes/zingy-grapefruit-prawn-avocado-tamarind-salad,avocados,2 ripe,"stoned, peeled and thinly sliced",212,17,3,7,1,4,6,1.1
No title,https://www.bbcgoodfood.com/recipes/zingy-grapefruit-prawn-avocado-tamarind-salad,grapefruits,2 red,"peeled, pith removed, sliced into rounds",212,17,3,7,1,4,6,1.1
No title,https://www.bbcgoodfood.com/recipes/zingy-grapefruit-prawn-avocado-tamarind-salad,radishes,8,thinly sliced,212,17,3,7,1,4,6,1.1
No title,https://www.bbcgoodfood.com/recipes/zingy-grapefruit-prawn-avocado-tamarind-salad,king prawns,150g cooked,peeled,212,17,3,7,1,4,6,1.1
No title,https://www.bbcgoodfood.com/recipes/zingy-grapefruit-prawn-avocado-tamarind-salad,sesame seeds,2 tbsp,,212,17,3,7,1,4,6,1.1
No title,https://www.bbcgoodfood.com/recipes/zingy-grapefruit-prawn-avocado-tamarind-salad,coriander,½ small bunch of,leaves picked and torn,212,17,3,7,1,4,6,1.1
No title,https://www.bbcgoodfood.com/recipes/feta-semi-dried-tomato-omelette,olive oil,1 tsp,,266,20,7,5,4,1,18,1.8
No title,https://www.bbcgoodfood.com/recipes/feta-semi-dried-tomato-omelette,eggs,2,lightly beaten,266,20,7,5,4,1,18,1.8
No title,https://www.bbcgoodfood.com/recipes/feta-semi-dried-tomato-omelette,semi-dried tomatoes,4,roughly chopped,266,20,7,5,4,1,18,1.8
No title,https://www.bbcgoodfood.com/recipes/feta-semi-dried-tomato-omelette,feta cheese,25g,crumbled,266,20,7,5,4,1,18,1.8
No title,https://www.bbcgoodfood.com/recipes/feta-semi-dried-tomato-omelette,mixed salad leaves,,to serve,266,20,7,5,4,1,18,1.8
No title,https://www.bbcgoodfood.com/recipes/spicy-lime-mixed-bean-salad,limes,2,,363,13,2,43,9,13,12,1.94
No title,https://www.bbcgoodfood.com/recipes/spicy-lime-mixed-bean-salad,olive oil,1 tbsp,,363,13,2,43,9,13,12,1.94
No title,https://www.bbcgoodfood.com/recipes/spicy-lime-mixed-bean-salad,tajin or chilli powder,¼ tsp,,363,13,2,43,9,13,12,1.94
No title,https://www.bbcgoodfood.com/recipes/spicy-lime-mixed-bean-salad,mixed beans,400g can,drained,363,13,2,43,9,13,12,1.94
No title,https://www.bbcgoodfood.com/recipes/spicy-lime-mixed-bean-salad,cherry tomatoes,5,finely chopped,363,13,2,43,9,13,12,1.94
No title,https://www.bbcgoodfood.com/recipes/spicy-lime-mixed-bean-salad,sweetcorn,½ 198g can,(or use around 75g defrosted frozen sweetcorn),363,13,2,43,9,13,12,1.94
No title,https://www.bbcgoodfood.com/recipes/spicy-lime-mixed-bean-salad,red onion,½ small,"or a shallot, finely diced",363,13,2,43,9,13,12,1.94
No title,https://www.bbcgoodfood.com/recipes/spicy-lime-mixed-bean-salad,cucumber,¼,finely diced,363,13,2,43,9,13,12,1.94
No title,https://www.bbcgoodfood.com/recipes/spicy-lime-mixed-bean-salad,parsley,small handful of,finely chopped,363,13,2,43,9,13,12,1.94
No title,https://www.bbcgoodfood.com/recipes/spicy-lime-mixed-bean-salad,mint leaves,8,finely chopped,363,13,2,43,9,13,12,1.94
No title,https://www.bbcgoodfood.com/recipes/spicy-lime-mixed-bean-salad,corn tortilla chips,handful of,,363,13,2,43,9,13,12,1.94
No title,https://www.bbcgoodfood.com/recipes/spicy-lime-mixed-bean-salad,jalapeños,2 heaped tbsp sliced,,363,13,2,43,9,13,12,1.94
No title,https://www.bbcgoodfood.com/recipes/beetroot-humous-toasts-olives-mint,seeded wholemeal soda bread,2 slices,,381,12,3,47,11,11,16,1
No title,https://www.bbcgoodfood.com/recipes/beetroot-humous-toasts-olives-mint,can chickpeas,210g,drained,381,12,3,47,11,11,16,1
No title,https://www.bbcgoodfood.com/recipes/beetroot-humous-toasts-olives-mint,ready-cooked beetroot,200g,sliced,381,12,3,47,11,11,16,1
No title,https://www.bbcgoodfood.com/recipes/beetroot-humous-toasts-olives-mint,lemon juice,1 tbsp,,381,12,3,47,11,11,16,1
No title,https://www.bbcgoodfood.com/recipes/beetroot-humous-toasts-olives-mint,garlic clove,1 small,,381,12,3,47,11,11,16,1
No title,https://www.bbcgoodfood.com/recipes/beetroot-humous-toasts-olives-mint,rapeseed oil,1 tsp,,381,12,3,47,11,11,16,1
No title,https://www.bbcgoodfood.com/recipes/beetroot-humous-toasts-olives-mint,feta,30g,crumbled,381,12,3,47,11,11,16,1
No title,https://www.bbcgoodfood.com/recipes/beetroot-humous-toasts-olives-mint,Kalamata olives,6 pitted,halved,381,12,3,47,11,11,16,1
No title,https://www.bbcgoodfood.com/recipes/beetroot-humous-toasts-olives-mint,mint leaves,a few fresh,,381,12,3,47,11,11,16,1
No title,https://www.bbcgoodfood.com/recipes/lemony-tuna-asparagus-salad-box,large eggs,2,,279,10,3,12,4,7,33,1
No title,https://www.bbcgoodfood.com/recipes/lemony-tuna-asparagus-salad-box,asparagus,200g,"woody ends snapped off, spears halved",279,10,3,12,4,7,33,1
No title,https://www.bbcgoodfood.com/recipes/lemony-tuna-asparagus-salad-box,can tuna,160g,in spring water (no need to drain),279,10,3,12,4,7,33,1
No title,https://www.bbcgoodfood.com/recipes/lemony-tuna-asparagus-salad-box,small red onion,1,very finely chopped,279,10,3,12,4,7,33,1
No title,https://www.bbcgoodfood.com/recipes/lemony-tuna-asparagus-salad-box,cannellini bean,125g,"from a can, drained",279,10,3,12,4,7,33,1
No title,https://www.bbcgoodfood.com/recipes/lemony-tuna-asparagus-salad-box,zest and juice ½ lemon,,,279,10,3,12,4,7,33,1
No title,https://www.bbcgoodfood.com/recipes/lemony-tuna-asparagus-salad-box,fresh chopped dill,1 tbsp,,279,10,3,12,4,7,33,1
No title,https://www.bbcgoodfood.com/recipes/lemony-tuna-asparagus-salad-box,extra virgin olive oil,1 tsp,,279,10,3,12,4,7,33,1
No title,https://www.bbcgoodfood.com/recipes/citrussy-tofu-udon-shake-up-salad,firm tofu,240g,patted dry then cut into cubes,510,19,3,52,13,11,26,3.13
No title,https://www.bbcgoodfood.com/recipes/citrussy-tofu-udon-shake-up-salad,cornflour,1 tsp,,510,19,3,52,13,11,26,3.13
No title,https://www.bbcgoodfood.com/recipes/citrussy-tofu-udon-shake-up-salad,vegetable oil,1 tbsp,,510,19,3,52,13,11,26,3.13
No title,https://www.bbcgoodfood.com/recipes/citrussy-tofu-udon-shake-up-salad,straight-to-wok udon noodles,2 x 150g packs,,510,19,3,52,13,11,26,3.13
No title,https://www.bbcgoodfood.com/recipes/citrussy-tofu-udon-shake-up-salad,red pepper,1,finely sliced,510,19,3,52,13,11,26,3.13
No title,https://www.bbcgoodfood.com/recipes/citrussy-tofu-udon-shake-up-salad,spring onion,1,finely sliced,510,19,3,52,13,11,26,3.13
No title,https://www.bbcgoodfood.com/recipes/citrussy-tofu-udon-shake-up-salad,sugar snaps,75g,sliced into three,510,19,3,52,13,11,26,3.13
No title,https://www.bbcgoodfood.com/recipes/citrussy-tofu-udon-shake-up-salad,carrot,1,cut into ribbons,510,19,3,52,13,11,26,3.13
No title,https://www.bbcgoodfood.com/recipes/citrussy-tofu-udon-shake-up-salad,coriander,10g,roughly chopped,510,19,3,52,13,11,26,3.13
No title,https://www.bbcgoodfood.com/recipes/curried-pork-bulghar-salad,bulgur wheat,50g,,287,5,1,34,19,8,22,0.2
No title,https://www.bbcgoodfood.com/recipes/curried-pork-bulghar-salad,Madras curry powder,1 tsp,,287,5,1,34,19,8,22,0.2
No title,https://www.bbcgoodfood.com/recipes/curried-pork-bulghar-salad,cumin seeds,¼ tsp,(optional),287,5,1,34,19,8,22,0.2
No title,https://www.bbcgoodfood.com/recipes/curried-pork-bulghar-salad,vegetable bouillon,1 tsp,,287,5,1,34,19,8,22,0.2
No title,https://www.bbcgoodfood.com/recipes/curried-pork-bulghar-salad,medjool dates,2,sliced,287,5,1,34,19,8,22,0.2
No title,https://www.bbcgoodfood.com/recipes/curried-pork-bulghar-salad,spring onions,3,sliced,287,5,1,34,19,8,22,0.2
No title,https://www.bbcgoodfood.com/recipes/curried-pork-bulghar-salad,chopped mint,4 tsp,,287,5,1,34,19,8,22,0.2
No title,https://www.bbcgoodfood.com/recipes/curried-pork-bulghar-salad,handful coriander,,chopped,287,5,1,34,19,8,22,0.2
No title,https://www.bbcgoodfood.com/recipes/curried-pork-bulghar-salad,cucumber,¼,diced,287,5,1,34,19,8,22,0.2
No title,https://www.bbcgoodfood.com/recipes/curried-pork-bulghar-salad,tomatoes,2,cut into wedges,287,5,1,34,19,8,22,0.2
No title,https://www.bbcgoodfood.com/recipes/curried-pork-bulghar-salad,leftover cooked pork,120g,chopped,287,5,1,34,19,8,22,0.2
No title,https://www.bbcgoodfood.com/recipes/curried-pork-bulghar-salad,lemon,½,cut into wedges,287,5,1,34,19,8,22,0.2
No title,https://www.bbcgoodfood.com/recipes/tuna-asparagus-white-bean-salad,large bunch asparagus,1,,245,5,1,23,4,9,24,0.75
No title,https://www.bbcgoodfood.com/recipes/tuna-asparagus-white-bean-salad,cans tuna steaks,2 x,"in water, drained",245,5,1,23,4,9,24,0.75
No title,https://www.bbcgoodfood.com/recipes/tuna-asparagus-white-bean-salad,cans cannellini beans,2 x,"in water, drained",245,5,1,23,4,9,24,0.75
No title,https://www.bbcgoodfood.com/recipes/tuna-asparagus-white-bean-salad,red onion,1,very finely chopped,245,5,1,23,4,9,24,0.75
No title,https://www.bbcgoodfood.com/recipes/tuna-asparagus-white-bean-salad,capers,2 tbsp,,245,5,1,23,4,9,24,0.75
No title,https://www.bbcgoodfood.com/recipes/tuna-asparagus-white-bean-salad,olive oil,1 tbsp,,245,5,1,23,4,9,24,0.75
No title,https://www.bbcgoodfood.com/recipes/tuna-asparagus-white-bean-salad,red wine vinegar,1 tbsp,,245,5,1,23,4,9,24,0.75
No title,https://www.bbcgoodfood.com/recipes/tuna-asparagus-white-bean-salad,2 tbsp tarragon,,finely chopped,245,5,1,23,4,9,24,0.75
No title,https://www.bbcgoodfood.com/recipes/sesame-chicken-noodles,tahini,1 tbsp,,505,24,5,28,8,9,31,1.1
No title,https://www.bbcgoodfood.com/recipes/sesame-chicken-noodles,lime,1,juiced,505,24,5,28,8,9,31,1.1
No title,https://www.bbcgoodfood.com/recipes/sesame-chicken-noodles,soy sauce,2 tsp,,505,24,5,28,8,9,31,1.1
No title,https://www.bbcgoodfood.com/recipes/sesame-chicken-noodles,roasted garlic cloves,2,,505,24,5,28,8,9,31,1.1
No title,https://www.bbcgoodfood.com/recipes/sesame-chicken-noodles,sesame oil,1 tsp,,505,24,5,28,8,9,31,1.1
No title,https://www.bbcgoodfood.com/recipes/sesame-chicken-noodles,chilli flakes,½ tsp,plus extra to serve,505,24,5,28,8,9,31,1.1
No title,https://www.bbcgoodfood.com/recipes/sesame-chicken-noodles,cooked rice noodles,200g,,505,24,5,28,8,9,31,1.1
No title,https://www.bbcgoodfood.com/recipes/sesame-chicken-noodles,leftover roast chicken,200g,,505,24,5,28,8,9,31,1.1
No title,https://www.bbcgoodfood.com/recipes/sesame-chicken-noodles,roasted aubergine,1,,505,24,5,28,8,9,31,1.1
No title,https://www.bbcgoodfood.com/recipes/sesame-chicken-noodles,carrot,1,grated,505,24,5,28,8,9,31,1.1
No title,https://www.bbcgoodfood.com/recipes/sesame-chicken-noodles,cucumber,½,seeds removed and cut into half moons,505,24,5,28,8,9,31,1.1
No title,https://www.bbcgoodfood.com/recipes/sesame-chicken-noodles,mint,½ small pack,roughly chopped,505,24,5,28,8,9,31,1.1
No title,https://www.bbcgoodfood.com/recipes/coronation-chicken-salad,low-fat Greek yogurt,3 tbsp,,559,21,5,53,14,10,34,0.4
No title,https://www.bbcgoodfood.com/recipes/coronation-chicken-salad,curry powder,1 tsp,,559,21,5,53,14,10,34,0.4
No title,https://www.bbcgoodfood.com/recipes/coronation-chicken-salad,mango chutney,1 tsp,,559,21,5,53,14,10,34,0.4
No title,https://www.bbcgoodfood.com/recipes/coronation-chicken-salad,lemon,½,zested and cut into 2 wedges,559,21,5,53,14,10,34,0.4
No title,https://www.bbcgoodfood.com/recipes/coronation-chicken-salad,grain,250g pre-cooked,pouch,559,21,5,53,14,10,34,0.4
No title,https://www.bbcgoodfood.com/recipes/coronation-chicken-salad,leftover roast chicken,150g,,559,21,5,53,14,10,34,0.4
No title,https://www.bbcgoodfood.com/recipes/coronation-chicken-salad,roasted red onions,2,,559,21,5,53,14,10,34,0.4
No title,https://www.bbcgoodfood.com/recipes/coronation-chicken-salad,large courgette,1,peeled into ribbons,559,21,5,53,14,10,34,0.4
No title,https://www.bbcgoodfood.com/recipes/coronation-chicken-salad,coriander,1 small pack,roughly chopped,559,21,5,53,14,10,34,0.4
No title,https://www.bbcgoodfood.com/recipes/coronation-chicken-salad,flaked almonds,1 tbsp,,559,21,5,53,14,10,34,0.4
No title,https://www.bbcgoodfood.com/recipes/keep-it-green-sandwich,curly kale,25g,,443,27,5,32,2,10,11,1.8
No title,https://www.bbcgoodfood.com/recipes/keep-it-green-sandwich,sesame oil,½ tbsp,,443,27,5,32,2,10,11,1.8
No title,https://www.bbcgoodfood.com/recipes/keep-it-green-sandwich,tamari,½ tbsp,,443,27,5,32,2,10,11,1.8
No title,https://www.bbcgoodfood.com/recipes/keep-it-green-sandwich,small avocado,1,,443,27,5,32,2,10,11,1.8
No title,https://www.bbcgoodfood.com/recipes/keep-it-green-sandwich,juice 1 small lime,,,443,27,5,32,2,10,11,1.8
No title,https://www.bbcgoodfood.com/recipes/keep-it-green-sandwich,drained chickpeas,40g,,443,27,5,32,2,10,11,1.8
No title,https://www.bbcgoodfood.com/recipes/keep-it-green-sandwich,slices rye bread,2,,443,27,5,32,2,10,11,1.8
No title,https://www.bbcgoodfood.com/recipes/keep-it-green-sandwich,paprika,½ tsp,,443,27,5,32,2,10,11,1.8
No title,https://www.bbcgoodfood.com/recipes/deli-couscous,couscous,400g,,522,29,8,47,2,5,15,2.3
No title,https://www.bbcgoodfood.com/recipes/deli-couscous,vegetable stock,1 tbsp,powder,522,29,8,47,2,5,15,2.3
No title,https://www.bbcgoodfood.com/recipes/deli-couscous,olive oil,5 tbsp,,522,29,8,47,2,5,15,2.3
No title,https://www.bbcgoodfood.com/recipes/deli-couscous,garlic clove,1,finely chopped,522,29,8,47,2,5,15,2.3
No title,https://www.bbcgoodfood.com/recipes/deli-couscous,zest and juice 2 lemons,,,522,29,8,47,2,5,15,2.3
No title,https://www.bbcgoodfood.com/recipes/deli-couscous,feta cheese,200g,,522,29,8,47,2,5,15,2.3
No title,https://www.bbcgoodfood.com/recipes/deli-couscous,deli veggies such as roasted pepper,400g,"artichokes, sundried tomatoes or aubergines, cut into bite-sized pieces",522,29,8,47,2,5,15,2.3
No title,https://www.bbcgoodfood.com/recipes/deli-couscous,small bunch basil leaves,,(optional),522,29,8,47,2,5,15,2.3
No title,https://www.bbcgoodfood.com/recipes/little-gem-griddled-courgette-feta-shake-up-salad,courgette,1 small,sliced into rounds on the angle,385,33,20,8,8,4,12,1.3
No title,https://www.bbcgoodfood.com/recipes/little-gem-griddled-courgette-feta-shake-up-salad,extra virgin olive oil,2 tbsp,plus extra for griddling,385,33,20,8,8,4,12,1.3
No title,https://www.bbcgoodfood.com/recipes/little-gem-griddled-courgette-feta-shake-up-salad,white wine vinegar,2 tsp,or lemon  juice,385,33,20,8,8,4,12,1.3
No title,https://www.bbcgoodfood.com/recipes/little-gem-griddled-courgette-feta-shake-up-salad,honey,½ tsp,,385,33,20,8,8,4,12,1.3
No title,https://www.bbcgoodfood.com/recipes/little-gem-griddled-courgette-feta-shake-up-salad,feta,50g,crumbled,385,33,20,8,8,4,12,1.3
No title,https://www.bbcgoodfood.com/recipes/little-gem-griddled-courgette-feta-shake-up-salad,pine nuts,1 tbsp toasted,or pumpkin seeds (optional),385,33,20,8,8,4,12,1.3
No title,https://www.bbcgoodfood.com/recipes/little-gem-griddled-courgette-feta-shake-up-salad,Little Gem lettuce,1,cut into wedges then halved into chunks,385,33,20,8,8,4,12,1.3
No title,https://www.bbcgoodfood.com/recipes/spicy-cucumber-watermelon-salad,dried flat rice noodles,100g,,424,15,3,59,23,4,11,1.5
No title,https://www.bbcgoodfood.com/recipes/spicy-cucumber-watermelon-salad,lime,1,juiced,424,15,3,59,23,4,11,1.5
No title,https://www.bbcgoodfood.com/recipes/spicy-cucumber-watermelon-salad,shallot,1,finely chopped,424,15,3,59,23,4,11,1.5
No title,https://www.bbcgoodfood.com/recipes/spicy-cucumber-watermelon-salad,red chilli,1 small,deseeded if you prefer less heat and finely chopped,424,15,3,59,23,4,11,1.5
No title,https://www.bbcgoodfood.com/recipes/spicy-cucumber-watermelon-salad,soy sauce,1 tbsp,,424,15,3,59,23,4,11,1.5
No title,https://www.bbcgoodfood.com/recipes/spicy-cucumber-watermelon-salad,crispy chilli oil,½ tbsp,,424,15,3,59,23,4,11,1.5
No title,https://www.bbcgoodfood.com/recipes/spicy-cucumber-watermelon-salad,sesame oil,½ tbsp,,424,15,3,59,23,4,11,1.5
No title,https://www.bbcgoodfood.com/recipes/spicy-cucumber-watermelon-salad,sugar,pinch of,,424,15,3,59,23,4,11,1.5
No title,https://www.bbcgoodfood.com/recipes/spicy-cucumber-watermelon-salad,cucumber,1 whole,cut in half and deseeded,424,15,3,59,23,4,11,1.5
No title,https://www.bbcgoodfood.com/recipes/spicy-cucumber-watermelon-salad,watermelon,½ small,"skin and seeds removed, 500g flesh cut into chunks",424,15,3,59,23,4,11,1.5
No title,https://www.bbcgoodfood.com/recipes/spicy-cucumber-watermelon-salad,mint,small handful of,leaves picked and finely chopped,424,15,3,59,23,4,11,1.5
No title,https://www.bbcgoodfood.com/recipes/spicy-cucumber-watermelon-salad,roasted peanuts,25g,roughly chopped,424,15,3,59,23,4,11,1.5
No title,https://www.bbcgoodfood.com/recipes/vermicelli-noodle-beef-salad,dried vermicelli noodles,100g,,583,20,5,66,25,7,32,4.2
No title,https://www.bbcgoodfood.com/recipes/vermicelli-noodle-beef-salad,cucumber,½,halved and sliced,583,20,5,66,25,7,32,4.2
No title,https://www.bbcgoodfood.com/recipes/vermicelli-noodle-beef-salad,cherry tomatoes,200g,halved,583,20,5,66,25,7,32,4.2
No title,https://www.bbcgoodfood.com/recipes/vermicelli-noodle-beef-salad,mint leaves,small handful of,finely chopped,583,20,5,66,25,7,32,4.2
No title,https://www.bbcgoodfood.com/recipes/vermicelli-noodle-beef-salad,carrot,1,finely shredded or grated,583,20,5,66,25,7,32,4.2
No title,https://www.bbcgoodfood.com/recipes/vermicelli-noodle-beef-salad,leftover beef,200g-300g,"(see recipe below), finely chopped",583,20,5,66,25,7,32,4.2
No title,https://www.bbcgoodfood.com/recipes/vermicelli-noodle-beef-salad,leftover spicy greens,handful of,(see recipe below),583,20,5,66,25,7,32,4.2
No title,https://www.bbcgoodfood.com/recipes/prawn-sugar-snap-pea-feta-salad,sugar snap peas,100g,,592,32,8,46,10,4,25,3.1
No title,https://www.bbcgoodfood.com/recipes/prawn-sugar-snap-pea-feta-salad,lemon,½,zested and juiced,592,32,8,46,10,4,25,3.1
No title,https://www.bbcgoodfood.com/recipes/prawn-sugar-snap-pea-feta-salad,Dijon mustard,2 tsp,,592,32,8,46,10,4,25,3.1
No title,https://www.bbcgoodfood.com/recipes/prawn-sugar-snap-pea-feta-salad,honey,1 tsp,,592,32,8,46,10,4,25,3.1
No title,https://www.bbcgoodfood.com/recipes/prawn-sugar-snap-pea-feta-salad,olive oil,2 tbsp,,592,32,8,46,10,4,25,3.1
No title,https://www.bbcgoodfood.com/recipes/prawn-sugar-snap-pea-feta-salad,parsley,small handful of,roughly chopped,592,32,8,46,10,4,25,3.1
No title,https://www.bbcgoodfood.com/recipes/prawn-sugar-snap-pea-feta-salad,rocket leaves,60g,,592,32,8,46,10,4,25,3.1
No title,https://www.bbcgoodfood.com/recipes/prawn-sugar-snap-pea-feta-salad,feta,50g,crumbled,592,32,8,46,10,4,25,3.1
No title,https://www.bbcgoodfood.com/recipes/prawn-sugar-snap-pea-feta-salad,leftover rice with prawns,450g,(see recipe below),592,32,8,46,10,4,25,3.1
No title,https://www.bbcgoodfood.com/recipes/prawn-sugar-snap-pea-feta-salad,toasted flaked almonds,25g,,592,32,8,46,10,4,25,3.1
No title,https://www.bbcgoodfood.com/recipes/tuna-salad-sandwich,tuna,145g can,"(sunflower oil, olive oil or spring water are all fine), drained if needed",474,23,3,42,4,8,21,1.55
No title,https://www.bbcgoodfood.com/recipes/tuna-salad-sandwich,celery,½ stick of,"peeled, and finely diced",474,23,3,42,4,8,21,1.55
No title,https://www.bbcgoodfood.com/recipes/tuna-salad-sandwich,red onion,½ small,finely diced,474,23,3,42,4,8,21,1.55
No title,https://www.bbcgoodfood.com/recipes/tuna-salad-sandwich,mayonnaise,1 tbsp,,474,23,3,42,4,8,21,1.55
No title,https://www.bbcgoodfood.com/recipes/tuna-salad-sandwich,paprika,small pinch of,optional,474,23,3,42,4,8,21,1.55
No title,https://www.bbcgoodfood.com/recipes/pastrami-sandwich,rye bread,2 slices,,867,57,23,51,4,9,32,4.62
No title,https://www.bbcgoodfood.com/recipes/pastrami-sandwich,salted butter,,softened,867,57,23,51,4,9,32,4.62
No title,https://www.bbcgoodfood.com/recipes/pastrami-sandwich,mayonnaise,2 tbsp,,867,57,23,51,4,9,32,4.62
No title,https://www.bbcgoodfood.com/recipes/pastrami-sandwich,American mustard,1 tbsp,,867,57,23,51,4,9,32,4.62
No title,https://www.bbcgoodfood.com/recipes/pastrami-sandwich,pastrami,4 slices,,867,57,23,51,4,9,32,4.62
No title,https://www.bbcgoodfood.com/recipes/pastrami-sandwich,swiss cheese,2 slices,,867,57,23,51,4,9,32,4.62
No title,https://www.bbcgoodfood.com/recipes/pastrami-sandwich,sauerkraut,3 tbsp,drained,867,57,23,51,4,9,32,4.62
No title,https://www.bbcgoodfood.com/recipes/pastrami-sandwich,Little Gem,3,leaves separated,867,57,23,51,4,9,32,4.62
No title,https://www.bbcgoodfood.com/recipes/pastrami-sandwich,cornichons,a few,to serve,867,57,23,51,4,9,32,4.62
No title,https://www.bbcgoodfood.com/recipes/chicken-rice-bowl,cooked rice,250g,,776,36,7,72,23,9,35,0.6
No title,https://www.bbcgoodfood.com/recipes/chicken-rice-bowl,leftover garlic & parmesan breaded chicken breast,1,sliced (see recipe below),776,36,7,72,23,9,35,0.6
No title,https://www.bbcgoodfood.com/recipes/chicken-rice-bowl,lime,1,juiced,776,36,7,72,23,9,35,0.6
No title,https://www.bbcgoodfood.com/recipes/chicken-rice-bowl,honey,1 tbsp,,776,36,7,72,23,9,35,0.6
No title,https://www.bbcgoodfood.com/recipes/chicken-rice-bowl,parsley,10g soft herbs such as,"or coriander, roughly chopped",776,36,7,72,23,9,35,0.6
No title,https://www.bbcgoodfood.com/recipes/chicken-rice-bowl,garlic granules,1 tsp,,776,36,7,72,23,9,35,0.6
No title,https://www.bbcgoodfood.com/recipes/chicken-rice-bowl,olive oil,3 tbsp,,776,36,7,72,23,9,35,0.6
No title,https://www.bbcgoodfood.com/recipes/chicken-rice-bowl,sweetcorn,100g can of,drained,776,36,7,72,23,9,35,0.6
No title,https://www.bbcgoodfood.com/recipes/chicken-rice-bowl,pepper,1,roughly chopped,776,36,7,72,23,9,35,0.6
No title,https://www.bbcgoodfood.com/recipes/chicken-rice-bowl,avocado,1,peeled and chopped,776,36,7,72,23,9,35,0.6
No title,https://www.bbcgoodfood.com/recipes/chicken-rice-bowl,cherry tomatoes,150g,halved,776,36,7,72,23,9,35,0.6
No title,https://www.bbcgoodfood.com/recipes/chicken-rice-bowl,giardiniera,75g leftover,roughly chopped (see recipe below),776,36,7,72,23,9,35,0.6
No title,https://www.bbcgoodfood.com/recipes/spicy-bean-avocado-quesadillas,red onion,1 small,halved and thinly sliced,494,19,3,55,8,17,18,0.7
No title,https://www.bbcgoodfood.com/recipes/spicy-bean-avocado-quesadillas,lime,1,"½ juiced, ½ cut into wedges to serve",494,19,3,55,8,17,18,0.7
No title,https://www.bbcgoodfood.com/recipes/spicy-bean-avocado-quesadillas,rapeseed oil,½ tbsp,plus a drop,494,19,3,55,8,17,18,0.7
No title,https://www.bbcgoodfood.com/recipes/spicy-bean-avocado-quesadillas,garlic clove,1 large,finely grated,494,19,3,55,8,17,18,0.7
No title,https://www.bbcgoodfood.com/recipes/spicy-bean-avocado-quesadillas,smoked paprika,2 tsp,,494,19,3,55,8,17,18,0.7
No title,https://www.bbcgoodfood.com/recipes/spicy-bean-avocado-quesadillas,ground cumin,1 tsp,,494,19,3,55,8,17,18,0.7
No title,https://www.bbcgoodfood.com/recipes/spicy-bean-avocado-quesadillas,black beans,400g can,,494,19,3,55,8,17,18,0.7
No title,https://www.bbcgoodfood.com/recipes/spicy-bean-avocado-quesadillas,tomato,1,chopped,494,19,3,55,8,17,18,0.7
No title,https://www.bbcgoodfood.com/recipes/spicy-bean-avocado-quesadillas,tomato purée,1 tbsp,,494,19,3,55,8,17,18,0.7
No title,https://www.bbcgoodfood.com/recipes/spicy-bean-avocado-quesadillas,vegetable bouillon powder,1 tsp,,494,19,3,55,8,17,18,0.7
No title,https://www.bbcgoodfood.com/recipes/spicy-bean-avocado-quesadillas,wholemeal tortillas,2 large,,494,19,3,55,8,17,18,0.7
No title,https://www.bbcgoodfood.com/recipes/spicy-bean-avocado-quesadillas,avocado,1,"peeled, stoned, halved and sliced",494,19,3,55,8,17,18,0.7
No title,https://www.bbcgoodfood.com/recipes/spicy-bean-avocado-quesadillas,chopped coriander,2 tbsp,plus a few sprigs to serve,494,19,3,55,8,17,18,0.7
No title,https://www.bbcgoodfood.com/recipes/cheese-omelette,eggs,2,,363,33,14,0.1,0.1,0,17,0.95
No title,https://www.bbcgoodfood.com/recipes/cheese-omelette,olive oil,½ tbsp,,363,33,14,0.1,0.1,0,17,0.95
No title,https://www.bbcgoodfood.com/recipes/cheese-omelette,butter,1 tbsp,,363,33,14,0.1,0.1,0,17,0.95
No title,https://www.bbcgoodfood.com/recipes/cheese-omelette,mature cheddar,15g,finely grated,363,33,14,0.1,0.1,0,17,0.95
No title,https://www.bbcgoodfood.com/recipes/air-fryer-mushrooms-on-toast,chestnut mushrooms,300g,quartered or sliced,349,8,1,53,4,4,15,1.6
No title,https://www.bbcgoodfood.com/recipes/air-fryer-mushrooms-on-toast,thyme sprigs,a few,leaves picked,349,8,1,53,4,4,15,1.6
No title,https://www.bbcgoodfood.com/recipes/air-fryer-mushrooms-on-toast,garlic powder,½ tsp,,349,8,1,53,4,4,15,1.6
No title,https://www.bbcgoodfood.com/recipes/air-fryer-mushrooms-on-toast,vegetable oil,1 tbsp,"or other neutral oil, plus extra for the bread",349,8,1,53,4,4,15,1.6
No title,https://www.bbcgoodfood.com/recipes/air-fryer-mushrooms-on-toast,sourdough,2 slices of,,349,8,1,53,4,4,15,1.6
No title,https://www.bbcgoodfood.com/recipes/air-fryer-mushrooms-on-toast,garlic clove,1,peeled but left whole (optional),349,8,1,53,4,4,15,1.6
No title,https://www.bbcgoodfood.com/recipes/air-fryer-mushrooms-on-toast,chopped parsley,small handful of,(optional),349,8,1,53,4,4,15,1.6
No title,https://www.bbcgoodfood.com/recipes/air-fryer-cheese-ham-toastie,butter,20g,softened,627,38,22,43,3,5,27,2.88
No title,https://www.bbcgoodfood.com/recipes/air-fryer-cheese-ham-toastie,sourdough,2 slices,or other bread,627,38,22,43,3,5,27,2.88
No title,https://www.bbcgoodfood.com/recipes/air-fryer-cheese-ham-toastie,English mustard,½ tsp,,627,38,22,43,3,5,27,2.88
No title,https://www.bbcgoodfood.com/recipes/air-fryer-cheese-ham-toastie,mature cheddar,50g grated,or gruyère,627,38,22,43,3,5,27,2.88
No title,https://www.bbcgoodfood.com/recipes/air-fryer-cheese-ham-toastie,chives,1 tbsp chopped,(optional),627,38,22,43,3,5,27,2.88
No title,https://www.bbcgoodfood.com/recipes/air-fryer-cheese-ham-toastie,ham,1 thick slice of,,627,38,22,43,3,5,27,2.88
No title,https://www.bbcgoodfood.com/recipes/smoky-chickpea-salad,sunflower oil,1 tbsp,,301,9,1,34,12,13,15,0.8
No title,https://www.bbcgoodfood.com/recipes/smoky-chickpea-salad,chickpeas,2 x 400g can,drained and rinsed,301,9,1,34,12,13,15,0.8
No title,https://www.bbcgoodfood.com/recipes/smoky-chickpea-salad,carrots,200g,peeled into ribbons or grated,301,9,1,34,12,13,15,0.8
No title,https://www.bbcgoodfood.com/recipes/smoky-chickpea-salad,spinach,200g,,301,9,1,34,12,13,15,0.8
No title,https://www.bbcgoodfood.com/recipes/smoky-chickpea-salad,broccoli,1 small head of,roughly chopped,301,9,1,34,12,13,15,0.8
No title,https://www.bbcgoodfood.com/recipes/kale-salad,kale,200g,stalks removed and leaves torn,466,28,4,40,34,12,8,1.2
No title,https://www.bbcgoodfood.com/recipes/kale-salad,large shallot,1,finely sliced,466,28,4,40,34,12,8,1.2
No title,https://www.bbcgoodfood.com/recipes/kale-salad,cooked beetroot,100g,roughly chopped,466,28,4,40,34,12,8,1.2
No title,https://www.bbcgoodfood.com/recipes/kale-salad,dried cranberries,30g,,466,28,4,40,34,12,8,1.2
No title,https://www.bbcgoodfood.com/recipes/kale-salad,carrots,250g,grated,466,28,4,40,34,12,8,1.2
No title,https://www.bbcgoodfood.com/recipes/kale-salad,mixed nuts,25g,roughly chopped,466,28,4,40,34,12,8,1.2
No title,https://www.bbcgoodfood.com/recipes/kale-salad,goat's cheese,125g,crumbled (optional),466,28,4,40,34,12,8,1.2
No title,https://www.bbcgoodfood.com/recipes/buddha-bowl-salad,couscous,200g,,327,3,0,59,14,9,13,1.7
No title,https://www.bbcgoodfood.com/recipes/buddha-bowl-salad,mixed beans,400g can,,327,3,0,59,14,9,13,1.7
No title,https://www.bbcgoodfood.com/recipes/buddha-bowl-salad,olive oil,1 tsp,,327,3,0,59,14,9,13,1.7
No title,https://www.bbcgoodfood.com/recipes/buddha-bowl-salad,chilli flakes,1⁄2 tsp,,327,3,0,59,14,9,13,1.7
No title,https://www.bbcgoodfood.com/recipes/buddha-bowl-salad,dill,3⁄4 small bunch of,torn into sprigs,327,3,0,59,14,9,13,1.7
No title,https://www.bbcgoodfood.com/recipes/buddha-bowl-salad,watermelon radishes,2,"or 6 small ones, sliced",327,3,0,59,14,9,13,1.7
No title,https://www.bbcgoodfood.com/recipes/buddha-bowl-salad,cucumber,1⁄2,peeled into ribbons,327,3,0,59,14,9,13,1.7
No title,https://www.bbcgoodfood.com/recipes/marinated-tomato-salad,heritage tomatoes,500g,chopped into equal-sized pieces,281,20,5,16,14,2,8,1.2
No title,https://www.bbcgoodfood.com/recipes/marinated-tomato-salad,ricotta,250g,,281,20,5,16,14,2,8,1.2
No title,https://www.bbcgoodfood.com/recipes/marinated-tomato-salad,lemon,1,zested,281,20,5,16,14,2,8,1.2
No title,https://www.bbcgoodfood.com/recipes/marinated-tomato-salad,bunch of chives,½,"(around 10g), finely chopped",281,20,5,16,14,2,8,1.2
No title,https://www.bbcgoodfood.com/recipes/herby-courgette-white-bean-salad,medium courgettes,2,,221,12,3,16,7,6,10,0.4
No title,https://www.bbcgoodfood.com/recipes/herby-courgette-white-bean-salad,ripe tomatoes,400g,quartered or cut into bite-sized pieces,221,12,3,16,7,6,10,0.4
No title,https://www.bbcgoodfood.com/recipes/herby-courgette-white-bean-salad,can white beans,400g,"(such as cannellini or haricot), drained and rinsed",221,12,3,16,7,6,10,0.4
No title,https://www.bbcgoodfood.com/recipes/herby-courgette-white-bean-salad,salad leaves,60g,(such as watercress or rocket),221,12,3,16,7,6,10,0.4
No title,https://www.bbcgoodfood.com/recipes/herby-courgette-white-bean-salad,mint,large handful of,"leaves, roughly chopped",221,12,3,16,7,6,10,0.4
No title,https://www.bbcgoodfood.com/recipes/herby-courgette-white-bean-salad,chives,¼ small bunch of,roughly chopped,221,12,3,16,7,6,10,0.4
No title,https://www.bbcgoodfood.com/recipes/herby-courgette-white-bean-salad,parmesan,30g,"shavings, or vegetarian alternative",221,12,3,16,7,6,10,0.4
No title,https://www.bbcgoodfood.com/recipes/easy-green-gazpacho,frozen peas,200g fresh or,,429,22,4,38,13,12,14,1.2
No title,https://www.bbcgoodfood.com/recipes/easy-green-gazpacho,crusty bread,75g,torn into chunks,429,22,4,38,13,12,14,1.2
No title,https://www.bbcgoodfood.com/recipes/easy-green-gazpacho,hot vegetable stock,600ml,"(ensure vegan, if needed)",429,22,4,38,13,12,14,1.2
No title,https://www.bbcgoodfood.com/recipes/easy-green-gazpacho,cucumber,1,roughly chopped,429,22,4,38,13,12,14,1.2
No title,https://www.bbcgoodfood.com/recipes/easy-green-gazpacho,garlic clove,1,roughly chopped,429,22,4,38,13,12,14,1.2
No title,https://www.bbcgoodfood.com/recipes/easy-green-gazpacho,avocado,½,"peeled, halved, stoned and roughly chopped",429,22,4,38,13,12,14,1.2
No title,https://www.bbcgoodfood.com/recipes/easy-green-gazpacho,white wine vinegar,2 tsp,,429,22,4,38,13,12,14,1.2
No title,https://www.bbcgoodfood.com/recipes/easy-green-gazpacho,green chilli,½,"(deseeded if you prefer less heat), roughly chopped",429,22,4,38,13,12,14,1.2
No title,https://www.bbcgoodfood.com/recipes/easy-green-gazpacho,spring onions,2,finely sliced,429,22,4,38,13,12,14,1.2
No title,https://www.bbcgoodfood.com/recipes/easy-green-gazpacho,cherry tomatoes,125g,roughly chopped,429,22,4,38,13,12,14,1.2
No title,https://www.bbcgoodfood.com/recipes/easy-green-gazpacho,parsley,10g,leaves picked,429,22,4,38,13,12,14,1.2
No title,https://www.bbcgoodfood.com/recipes/easy-green-gazpacho,extra virgin olive oil,2 tbsp,,429,22,4,38,13,12,14,1.2
No title,https://www.bbcgoodfood.com/recipes/easy-green-gazpacho,crusty bread,,to serve,429,22,4,38,13,12,14,1.2
No title,https://www.bbcgoodfood.com/recipes/tomato-black-bean-taco-salad,lime,1,juiced,301,13,2,28,9,12,11,0.1
No title,https://www.bbcgoodfood.com/recipes/tomato-black-bean-taco-salad,coriander,12g,finely chopped,301,13,2,28,9,12,11,0.1
No title,https://www.bbcgoodfood.com/recipes/tomato-black-bean-taco-salad,ground cumin,½ tsp,,301,13,2,28,9,12,11,0.1
No title,https://www.bbcgoodfood.com/recipes/tomato-black-bean-taco-salad,jalapeño pepper,1,"(deseeded if you prefer less heat), finely chopped",301,13,2,28,9,12,11,0.1
No title,https://www.bbcgoodfood.com/recipes/tomato-black-bean-taco-salad,rapeseed oil,2 tbsp,,301,13,2,28,9,12,11,0.1
No title,https://www.bbcgoodfood.com/recipes/tomato-black-bean-taco-salad,black beans,400g can,drained and rinsed,301,13,2,28,9,12,11,0.1
No title,https://www.bbcgoodfood.com/recipes/tomato-black-bean-taco-salad,cherry tomatoes,200g,halved,301,13,2,28,9,12,11,0.1
No title,https://www.bbcgoodfood.com/recipes/tomato-black-bean-taco-salad,romaine lettuce,1,chopped,301,13,2,28,9,12,11,0.1
No title,https://www.bbcgoodfood.com/recipes/tomato-black-bean-taco-salad,sweetcorn,198g can,drained,301,13,2,28,9,12,11,0.1
No title,https://www.bbcgoodfood.com/recipes/tomato-black-bean-taco-salad,red pepper,1,finely chopped,301,13,2,28,9,12,11,0.1
No title,https://www.bbcgoodfood.com/recipes/tomato-black-bean-taco-salad,crunchy taco shells,4,,301,13,2,28,9,12,11,0.1
No title,https://www.bbcgoodfood.com/recipes/tomato-black-bean-taco-salad,pumpkin seeds,25g,,301,13,2,28,9,12,11,0.1
No title,https://www.bbcgoodfood.com/recipes/blue-cheese-ham-egg-toastie,salted butter,50g,,1025,66,37,59,23,3,47,6
No title,https://www.bbcgoodfood.com/recipes/blue-cheese-ham-egg-toastie,slices sourdough,4,,1025,66,37,59,23,3,47,6
No title,https://www.bbcgoodfood.com/recipes/blue-cheese-ham-egg-toastie,slices thick-cut ham,4,,1025,66,37,59,23,3,47,6
No title,https://www.bbcgoodfood.com/recipes/blue-cheese-ham-egg-toastie,pear chutney,100g,,1025,66,37,59,23,3,47,6
No title,https://www.bbcgoodfood.com/recipes/blue-cheese-ham-egg-toastie,blue cheese,180g,cut into 45g slices,1025,66,37,59,23,3,47,6
No title,https://www.bbcgoodfood.com/recipes/blue-cheese-ham-egg-toastie,oil,,for frying,1025,66,37,59,23,3,47,6
No title,https://www.bbcgoodfood.com/recipes/blue-cheese-ham-egg-toastie,eggs,2,,1025,66,37,59,23,3,47,6
No title,https://www.bbcgoodfood.com/recipes/blue-cheese-ham-egg-toastie,gherkins,2,to serve (optional),1025,66,37,59,23,3,47,6
No title,https://www.bbcgoodfood.com/recipes/turkish-egg-flatbreads,0% fat Greek yogurt,175g,,447,17,5,42,6,5,28,1.3
No title,https://www.bbcgoodfood.com/recipes/turkish-egg-flatbreads,garlic clove,1,grated,447,17,5,42,6,5,28,1.3
No title,https://www.bbcgoodfood.com/recipes/turkish-egg-flatbreads,lemon,½,zested,447,17,5,42,6,5,28,1.3
No title,https://www.bbcgoodfood.com/recipes/turkish-egg-flatbreads,za’atar,1 ½ tsp,,447,17,5,42,6,5,28,1.3
No title,https://www.bbcgoodfood.com/recipes/turkish-egg-flatbreads,small handful of parsley,,finely chopped,447,17,5,42,6,5,28,1.3
No title,https://www.bbcgoodfood.com/recipes/turkish-egg-flatbreads,flatbreads,2,,447,17,5,42,6,5,28,1.3
No title,https://www.bbcgoodfood.com/recipes/turkish-egg-flatbreads,olive oil,1 tbsp,,447,17,5,42,6,5,28,1.3
No title,https://www.bbcgoodfood.com/recipes/turkish-egg-flatbreads,eggs,2,,447,17,5,42,6,5,28,1.3
No title,https://www.bbcgoodfood.com/recipes/turkish-egg-flatbreads,vegetarian feta,30g,crumbled,447,17,5,42,6,5,28,1.3
No title,https://www.bbcgoodfood.com/recipes/turkish-egg-flatbreads,green olives,25g,sliced,447,17,5,42,6,5,28,1.3
No title,https://www.bbcgoodfood.com/recipes/turkish-egg-flatbreads,large pinch of Aleppo chilli flakes,,or chilli oil (optional),447,17,5,42,6,5,28,1.3
No title,https://www.bbcgoodfood.com/recipes/turkish-egg-flatbreads,cucumber,½,"halved, deseeded and finely sliced",447,17,5,42,6,5,28,1.3
No title,https://www.bbcgoodfood.com/recipes/garlic-mushrooms,butter,40g/1½oz,,95,9,5,1,1,1,3,0.2
No title,https://www.bbcgoodfood.com/recipes/garlic-mushrooms,white mushrooms,500g/1lb 2oz,"or chestnut, halved or quartered; or button chestnut mushrooms kept whole",95,9,5,1,1,1,3,0.2
No title,https://www.bbcgoodfood.com/recipes/garlic-mushrooms,garlic cloves,2,minced,95,9,5,1,1,1,3,0.2
No title,https://www.bbcgoodfood.com/recipes/garlic-mushrooms,parsley,large handful of,"leaves, very roughly chopped",95,9,5,1,1,1,3,0.2
No title,https://www.bbcgoodfood.com/recipes/vegetarian-ramen,instant  noodles,80g pack,(look for an Asian brand with a flavour like sesame),205,7,2,21,4,4,11,0.4
No title,https://www.bbcgoodfood.com/recipes/vegetarian-ramen,spring onions,2,finely chopped,205,7,2,21,4,4,11,0.4
No title,https://www.bbcgoodfood.com/recipes/vegetarian-ramen,pak choi,½ head,,205,7,2,21,4,4,11,0.4
No title,https://www.bbcgoodfood.com/recipes/vegetarian-ramen,egg,1,,205,7,2,21,4,4,11,0.4
No title,https://www.bbcgoodfood.com/recipes/vegetarian-ramen,sesame seeds,1 tsp,,205,7,2,21,4,4,11,0.4
No title,https://www.bbcgoodfood.com/recipes/vegetarian-ramen,chilli sauce,,to serve,205,7,2,21,4,4,11,0.4
No title,https://www.bbcgoodfood.com/recipes/lentil-tuna-salad,sherry vinegar,2 tbsp,,374,15,2,26,3,9,28,0.7
No title,https://www.bbcgoodfood.com/recipes/lentil-tuna-salad,Dijon mustard,1 tsp,,374,15,2,26,3,9,28,0.7
No title,https://www.bbcgoodfood.com/recipes/lentil-tuna-salad,garlic cloves,2,finely grated,374,15,2,26,3,9,28,0.7
No title,https://www.bbcgoodfood.com/recipes/lentil-tuna-salad,olive oil,50ml,,374,15,2,26,3,9,28,0.7
No title,https://www.bbcgoodfood.com/recipes/lentil-tuna-salad,x 250g pouches ready-cooked puy lentils,2,,374,15,2,26,3,9,28,0.7
No title,https://www.bbcgoodfood.com/recipes/lentil-tuna-salad,x 160g cans tuna,2,"steaks in spring water, drained and flaked",374,15,2,26,3,9,28,0.7
No title,https://www.bbcgoodfood.com/recipes/lentil-tuna-salad,cherry tomatoes,160g,halved (about 10),374,15,2,26,3,9,28,0.7
No title,https://www.bbcgoodfood.com/recipes/lentil-tuna-salad,ready-roasted peppers,2,chopped,374,15,2,26,3,9,28,0.7
No title,https://www.bbcgoodfood.com/recipes/lentil-tuna-salad,handful of parsley,,finely chopped,374,15,2,26,3,9,28,0.7
No title,https://www.bbcgoodfood.com/recipes/lentil-tuna-salad,small bunch of chives,½,"finely chopped, plus extra to garnish",374,15,2,26,3,9,28,0.7
No title,https://www.bbcgoodfood.com/recipes/healthy-coleslaw,plain yogurt,6 tbsp,,151,4,1,8,7,2,2,0.15
No title,https://www.bbcgoodfood.com/recipes/healthy-coleslaw,Dijon mustard,½ tsp,,151,4,1,8,7,2,2,0.15
No title,https://www.bbcgoodfood.com/recipes/healthy-coleslaw,mayonnaise,2 tbsp,,151,4,1,8,7,2,2,0.15
No title,https://www.bbcgoodfood.com/recipes/healthy-coleslaw,white cabbage,1⁄2,,151,4,1,8,7,2,2,0.15
No title,https://www.bbcgoodfood.com/recipes/healthy-coleslaw,carrots,2,,151,4,1,8,7,2,2,0.15
No title,https://www.bbcgoodfood.com/recipes/healthy-coleslaw,onion,1⁄2,,151,4,1,8,7,2,2,0.15
